Index,Ticker,Name,Currency,EventDate,Dividend
US ETF,AGG,iShares Core U.S. Aggregate Bond ETF,USD,2020-09-01,0.195
US ETF,AGG,iShares Core U.S. Aggregate Bond ETF,USD,2020-10-01,0.202
US ETF,AGG,iShares Core U.S. Aggregate Bond ETF,USD,2020-11-02,0.192
US ETF,AGG,iShares Core U.S. Aggregate Bond ETF,USD,2020-12-01,0.206
US ETF,AGG,iShares Core U.S. Aggregate Bond ETF,USD,2020-12-17,0.125
US ETF,AGG,iShares Core U.S. Aggregate Bond ETF,USD,2021-02-01,0.192
US ETF,AGG,iShares Core U.S. Aggregate Bond ETF,USD,2021-03-01,0.19
US ETF,AGG,iShares Core U.S. Aggregate Bond ETF,USD,2021-04-01,0.172
US ETF,AGG,iShares Core U.S. Aggregate Bond ETF,USD,2021-05-03,0.173
US ETF,AGG,iShares Core U.S. Aggregate Bond ETF,USD,2021-06-01,0.167
US ETF,AGG,iShares Core U.S. Aggregate Bond ETF,USD,2021-07-01,0.156
US ETF,AGG,iShares Core U.S. Aggregate Bond ETF,USD,2021-08-02,0.167
US ETF,AGG,iShares Core U.S. Aggregate Bond ETF,USD,2021-09-01,0.167
US ETF,AGG,iShares Core U.S. Aggregate Bond ETF,USD,2021-10-01,0.18
US ETF,AGG,iShares Core U.S. Aggregate Bond ETF,USD,2021-11-01,0.18
US ETF,AGG,iShares Core U.S. Aggregate Bond ETF,USD,2021-12-01,0.162
US ETF,AGG,iShares Core U.S. Aggregate Bond ETF,USD,2021-12-16,0.117
US ETF,AGG,iShares Core U.S. Aggregate Bond ETF,USD,2022-02-01,0.161
US ETF,AGG,iShares Core U.S. Aggregate Bond ETF,USD,2022-03-01,0.161
US ETF,AGG,iShares Core U.S. Aggregate Bond ETF,USD,2022-04-01,0.16
US ETF,AGG,iShares Core U.S. Aggregate Bond ETF,USD,2022-05-02,0.181
US ETF,AGG,iShares Core U.S. Aggregate Bond ETF,USD,2022-06-01,0.186
US ETF,AGG,iShares Core U.S. Aggregate Bond ETF,USD,2022-07-01,0.186
US ETF,AGG,iShares Core U.S. Aggregate Bond ETF,USD,2022-08-01,0.2
US ETF,AGG,iShares Core U.S. Aggregate Bond ETF,USD,2022-09-01,0.204
US ETF,AGG,iShares Core U.S. Aggregate Bond ETF,USD,2022-10-03,0.211
US ETF,AGG,iShares Core U.S. Aggregate Bond ETF,USD,2022-11-01,0.216
US ETF,AGG,iShares Core U.S. Aggregate Bond ETF,USD,2022-12-01,0.226
US ETF,AGG,iShares Core U.S. Aggregate Bond ETF,USD,2022-12-15,0.226
US ETF,AGG,iShares Core U.S. Aggregate Bond ETF,USD,2023-02-01,0.245
US ETF,AGG,iShares Core U.S. Aggregate Bond ETF,USD,2023-03-01,0.234
US ETF,AGG,iShares Core U.S. Aggregate Bond ETF,USD,2023-04-03,0.252
US ETF,AGG,iShares Core U.S. Aggregate Bond ETF,USD,2023-05-01,0.249
US ETF,AGG,iShares Core U.S. Aggregate Bond ETF,USD,2023-06-01,0.258
US ETF,AGG,iShares Core U.S. Aggregate Bond ETF,USD,2023-07-03,0.255
US ETF,AGG,iShares Core U.S. Aggregate Bond ETF,USD,2023-08-01,0.265
US ETF,AGG,iShares Core U.S. Aggregate Bond ETF,USD,2023-09-01,0.26
US ETF,AGG,iShares Core U.S. Aggregate Bond ETF,USD,2023-10-02,0.257
US ETF,AGG,iShares Core U.S. Aggregate Bond ETF,USD,2023-11-01,0.277
US ETF,AGG,iShares Core U.S. Aggregate Bond ETF,USD,2023-12-01,0.274
US ETF,AGG,iShares Core U.S. Aggregate Bond ETF,USD,2023-12-14,0.282
US ETF,AGG,iShares Core U.S. Aggregate Bond ETF,USD,2024-02-01,0.293
US ETF,AGG,iShares Core U.S. Aggregate Bond ETF,USD,2024-03-01,0.286
US ETF,AGG,iShares Core U.S. Aggregate Bond ETF,USD,2024-04-01,0.29
US ETF,AGG,iShares Core U.S. Aggregate Bond ETF,USD,2024-05-01,0.295
US ETF,AGG,iShares Core U.S. Aggregate Bond ETF,USD,2024-06-03,0.302
US ETF,AGG,iShares Core U.S. Aggregate Bond ETF,USD,2024-07-01,0.301
US ETF,AGG,iShares Core U.S. Aggregate Bond ETF,USD,2024-08-01,0.304
US ETF,AGG,iShares Core U.S. Aggregate Bond ETF,USD,2024-09-03,0.312
US ETF,AGG,iShares Core U.S. Aggregate Bond ETF,USD,2024-10-01,0.307
US ETF,AGG,iShares Core U.S. Aggregate Bond ETF,USD,2024-11-01,0.31
US ETF,AGG,iShares Core U.S. Aggregate Bond ETF,USD,2024-12-02,0.312
US ETF,AGG,iShares Core U.S. Aggregate Bond ETF,USD,2024-12-18,0.316
US ETF,AGG,iShares Core U.S. Aggregate Bond ETF,USD,2025-02-03,0.322
US ETF,AGG,iShares Core U.S. Aggregate Bond ETF,USD,2025-03-03,0.304
US ETF,AGG,iShares Core U.S. Aggregate Bond ETF,USD,2025-04-01,0.325
US ETF,AGG,iShares Core U.S. Aggregate Bond ETF,USD,2025-05-01,0.321
US ETF,AGG,iShares Core U.S. Aggregate Bond ETF,USD,2025-06-02,0.323
US ETF,AGG,iShares Core U.S. Aggregate Bond ETF,USD,2025-07-01,0.319
US ETF,AGG,iShares Core U.S. Aggregate Bond ETF,USD,2025-08-01,0.33
US ETF,ARKK,ARK Innovation ETF,USD,2020-12-29,2.044
US ETF,ARKK,ARK Innovation ETF,USD,2021-12-29,0.783
US ETF,ARKK,ARK Innovation ETF,USD,2023-09-08,0.364
US ETF,BND,Vanguard Total Bond Market ETF,USD,2020-09-01,0.153
US ETF,BND,Vanguard Total Bond Market ETF,USD,2020-10-01,0.15
US ETF,BND,Vanguard Total Bond Market ETF,USD,2020-11-02,0.151
US ETF,BND,Vanguard Total Bond Market ETF,USD,2020-12-01,0.143
US ETF,BND,Vanguard Total Bond Market ETF,USD,2020-12-23,0.291
US ETF,BND,Vanguard Total Bond Market ETF,USD,2021-02-01,0.139
US ETF,BND,Vanguard Total Bond Market ETF,USD,2021-03-01,0.129
US ETF,BND,Vanguard Total Bond Market ETF,USD,2021-04-01,0.192
US ETF,BND,Vanguard Total Bond Market ETF,USD,2021-05-03,0.131
US ETF,BND,Vanguard Total Bond Market ETF,USD,2021-06-01,0.134
US ETF,BND,Vanguard Total Bond Market ETF,USD,2021-07-01,0.132
US ETF,BND,Vanguard Total Bond Market ETF,USD,2021-08-02,0.136
US ETF,BND,Vanguard Total Bond Market ETF,USD,2021-09-01,0.135
US ETF,BND,Vanguard Total Bond Market ETF,USD,2021-10-01,0.13
US ETF,BND,Vanguard Total Bond Market ETF,USD,2021-11-01,0.134
US ETF,BND,Vanguard Total Bond Market ETF,USD,2021-12-01,0.135
US ETF,BND,Vanguard Total Bond Market ETF,USD,2021-12-23,0.271
US ETF,BND,Vanguard Total Bond Market ETF,USD,2022-02-01,0.137
US ETF,BND,Vanguard Total Bond Market ETF,USD,2022-03-01,0.129
US ETF,BND,Vanguard Total Bond Market ETF,USD,2022-04-01,0.198
US ETF,BND,Vanguard Total Bond Market ETF,USD,2022-05-02,0.141
US ETF,BND,Vanguard Total Bond Market ETF,USD,2022-06-01,0.148
US ETF,BND,Vanguard Total Bond Market ETF,USD,2022-07-01,0.149
US ETF,BND,Vanguard Total Bond Market ETF,USD,2022-08-01,0.153
US ETF,BND,Vanguard Total Bond Market ETF,USD,2022-09-01,0.156
US ETF,BND,Vanguard Total Bond Market ETF,USD,2022-10-03,0.156
US ETF,BND,Vanguard Total Bond Market ETF,USD,2022-11-01,0.163
US ETF,BND,Vanguard Total Bond Market ETF,USD,2022-12-01,0.165
US ETF,BND,Vanguard Total Bond Market ETF,USD,2022-12-23,0.172
US ETF,BND,Vanguard Total Bond Market ETF,USD,2023-02-01,0.176
US ETF,BND,Vanguard Total Bond Market ETF,USD,2023-03-01,0.164
US ETF,BND,Vanguard Total Bond Market ETF,USD,2023-04-03,0.183
US ETF,BND,Vanguard Total Bond Market ETF,USD,2023-05-01,0.18
US ETF,BND,Vanguard Total Bond Market ETF,USD,2023-06-01,0.187
US ETF,BND,Vanguard Total Bond Market ETF,USD,2023-07-03,0.184
US ETF,BND,Vanguard Total Bond Market ETF,USD,2023-08-01,0.193
US ETF,BND,Vanguard Total Bond Market ETF,USD,2023-09-01,0.196
US ETF,BND,Vanguard Total Bond Market ETF,USD,2023-10-02,0.192
US ETF,BND,Vanguard Total Bond Market ETF,USD,2023-11-01,0.203
US ETF,BND,Vanguard Total Bond Market ETF,USD,2023-12-01,0.201
US ETF,BND,Vanguard Total Bond Market ETF,USD,2023-12-22,0.211
US ETF,BND,Vanguard Total Bond Market ETF,USD,2024-02-01,0.212
US ETF,BND,Vanguard Total Bond Market ETF,USD,2024-03-01,0.202
US ETF,BND,Vanguard Total Bond Market ETF,USD,2024-04-01,0.216
US ETF,BND,Vanguard Total Bond Market ETF,USD,2024-05-01,0.214
US ETF,BND,Vanguard Total Bond Market ETF,USD,2024-06-03,0.219
US ETF,BND,Vanguard Total Bond Market ETF,USD,2024-07-01,0.221
US ETF,BND,Vanguard Total Bond Market ETF,USD,2024-08-01,0.224
US ETF,BND,Vanguard Total Bond Market ETF,USD,2024-09-03,0.226
US ETF,BND,Vanguard Total Bond Market ETF,USD,2024-10-01,0.221
US ETF,BND,Vanguard Total Bond Market ETF,USD,2024-11-01,0.228
US ETF,BND,Vanguard Total Bond Market ETF,USD,2024-12-02,0.223
US ETF,BND,Vanguard Total Bond Market ETF,USD,2024-12-24,0.233
US ETF,BND,Vanguard Total Bond Market ETF,USD,2025-02-03,0.235
US ETF,BND,Vanguard Total Bond Market ETF,USD,2025-03-03,0.219
US ETF,BND,Vanguard Total Bond Market ETF,USD,2025-04-01,0.24
US ETF,BND,Vanguard Total Bond Market ETF,USD,2025-05-01,0.236
US ETF,BND,Vanguard Total Bond Market ETF,USD,2025-06-02,0.24
US ETF,BND,Vanguard Total Bond Market ETF,USD,2025-07-01,0.235
US ETF,BND,Vanguard Total Bond Market ETF,USD,2025-08-01,0.242
US ETF,DGRO,iShares Core Dividend Growth ETF,USD,2020-09-23,0.261
US ETF,DGRO,iShares Core Dividend Growth ETF,USD,2020-12-14,0.273
US ETF,DGRO,iShares Core Dividend Growth ETF,USD,2021-03-25,0.262
US ETF,DGRO,iShares Core Dividend Growth ETF,USD,2021-06-10,0.261
US ETF,DGRO,iShares Core Dividend Growth ETF,USD,2021-09-24,0.25
US ETF,DGRO,iShares Core Dividend Growth ETF,USD,2021-12-13,0.299
US ETF,DGRO,iShares Core Dividend Growth ETF,USD,2022-03-24,0.262
US ETF,DGRO,iShares Core Dividend Growth ETF,USD,2022-06-09,0.235
US ETF,DGRO,iShares Core Dividend Growth ETF,USD,2022-09-26,0.342
US ETF,DGRO,iShares Core Dividend Growth ETF,USD,2022-12-13,0.329
US ETF,DGRO,iShares Core Dividend Growth ETF,USD,2023-03-23,0.298
US ETF,DGRO,iShares Core Dividend Growth ETF,USD,2023-06-07,0.26
US ETF,DGRO,iShares Core Dividend Growth ETF,USD,2023-09-26,0.388
US ETF,DGRO,iShares Core Dividend Growth ETF,USD,2023-12-20,0.37
US ETF,DGRO,iShares Core Dividend Growth ETF,USD,2024-03-21,0.311
US ETF,DGRO,iShares Core Dividend Growth ETF,USD,2024-06-11,0.293
US ETF,DGRO,iShares Core Dividend Growth ETF,USD,2024-09-25,0.403
US ETF,DGRO,iShares Core Dividend Growth ETF,USD,2024-12-17,0.378
US ETF,DGRO,iShares Core Dividend Growth ETF,USD,2025-03-18,0.311
US ETF,DGRO,iShares Core Dividend Growth ETF,USD,2025-06-16,0.324
US ETF,DIA,SPDR Dow Jones Industrial Average ETF Trust,USD,2020-08-21,0.604
US ETF,DIA,SPDR Dow Jones Industrial Average ETF Trust,USD,2020-09-18,0.667
US ETF,DIA,SPDR Dow Jones Industrial Average ETF Trust,USD,2020-10-16,0.117
US ETF,DIA,SPDR Dow Jones Industrial Average ETF Trust,USD,2020-11-20,0.652
US ETF,DIA,SPDR Dow Jones Industrial Average ETF Trust,USD,2020-12-18,0.588
US ETF,DIA,SPDR Dow Jones Industrial Average ETF Trust,USD,2021-01-15,0.128
US ETF,DIA,SPDR Dow Jones Industrial Average ETF Trust,USD,2021-02-19,0.601
US ETF,DIA,SPDR Dow Jones Industrial Average ETF Trust,USD,2021-03-19,0.671
US ETF,DIA,SPDR Dow Jones Industrial Average ETF Trust,USD,2021-04-16,0.112
US ETF,DIA,SPDR Dow Jones Industrial Average ETF Trust,USD,2021-05-21,0.703
US ETF,DIA,SPDR Dow Jones Industrial Average ETF Trust,USD,2021-06-18,0.493
US ETF,DIA,SPDR Dow Jones Industrial Average ETF Trust,USD,2021-07-16,0.207
US ETF,DIA,SPDR Dow Jones Industrial Average ETF Trust,USD,2021-08-20,0.611
US ETF,DIA,SPDR Dow Jones Industrial Average ETF Trust,USD,2021-09-17,0.736
US ETF,DIA,SPDR Dow Jones Industrial Average ETF Trust,USD,2021-10-15,0.117
US ETF,DIA,SPDR Dow Jones Industrial Average ETF Trust,USD,2021-11-19,0.701
US ETF,DIA,SPDR Dow Jones Industrial Average ETF Trust,USD,2021-12-17,0.662
US ETF,DIA,SPDR Dow Jones Industrial Average ETF Trust,USD,2022-01-21,0.258
US ETF,DIA,SPDR Dow Jones Industrial Average ETF Trust,USD,2022-02-18,0.519
US ETF,DIA,SPDR Dow Jones Industrial Average ETF Trust,USD,2022-03-18,0.772
US ETF,DIA,SPDR Dow Jones Industrial Average ETF Trust,USD,2022-04-14,0.126
US ETF,DIA,SPDR Dow Jones Industrial Average ETF Trust,USD,2022-05-20,0.745
US ETF,DIA,SPDR Dow Jones Industrial Average ETF Trust,USD,2022-06-17,0.692
US ETF,DIA,SPDR Dow Jones Industrial Average ETF Trust,USD,2022-07-15,0.128
US ETF,DIA,SPDR Dow Jones Industrial Average ETF Trust,USD,2022-08-19,0.656
US ETF,DIA,SPDR Dow Jones Industrial Average ETF Trust,USD,2022-09-16,0.823
US ETF,DIA,SPDR Dow Jones Industrial Average ETF Trust,USD,2022-10-21,0.182
US ETF,DIA,SPDR Dow Jones Industrial Average ETF Trust,USD,2022-11-18,0.681
US ETF,DIA,SPDR Dow Jones Industrial Average ETF Trust,USD,2022-12-16,0.75
US ETF,DIA,SPDR Dow Jones Industrial Average ETF Trust,USD,2023-01-20,0.28
US ETF,DIA,SPDR Dow Jones Industrial Average ETF Trust,USD,2023-02-17,0.552
US ETF,DIA,SPDR Dow Jones Industrial Average ETF Trust,USD,2023-03-17,0.858
US ETF,DIA,SPDR Dow Jones Industrial Average ETF Trust,USD,2023-04-21,0.184
US ETF,DIA,SPDR Dow Jones Industrial Average ETF Trust,USD,2023-05-19,0.726
US ETF,DIA,SPDR Dow Jones Industrial Average ETF Trust,USD,2023-06-16,0.776
US ETF,DIA,SPDR Dow Jones Industrial Average ETF Trust,USD,2023-07-21,0.268
US ETF,DIA,SPDR Dow Jones Industrial Average ETF Trust,USD,2023-08-18,0.51
US ETF,DIA,SPDR Dow Jones Industrial Average ETF Trust,USD,2023-09-15,0.923
US ETF,DIA,SPDR Dow Jones Industrial Average ETF Trust,USD,2023-10-20,0.187
US ETF,DIA,SPDR Dow Jones Industrial Average ETF Trust,USD,2023-11-17,0.707
US ETF,DIA,SPDR Dow Jones Industrial Average ETF Trust,USD,2023-12-15,0.833
US ETF,DIA,SPDR Dow Jones Industrial Average ETF Trust,USD,2024-01-19,0.213
US ETF,DIA,SPDR Dow Jones Industrial Average ETF Trust,USD,2024-02-16,0.612
US ETF,DIA,SPDR Dow Jones Industrial Average ETF Trust,USD,2024-03-15,0.933
US ETF,DIA,SPDR Dow Jones Industrial Average ETF Trust,USD,2024-04-19,0.198
US ETF,DIA,SPDR Dow Jones Industrial Average ETF Trust,USD,2024-05-17,0.594
US ETF,DIA,SPDR Dow Jones Industrial Average ETF Trust,USD,2024-06-21,0.874
US ETF,DIA,SPDR Dow Jones Industrial Average ETF Trust,USD,2024-07-19,0.194
US ETF,DIA,SPDR Dow Jones Industrial Average ETF Trust,USD,2024-08-16,0.327
US ETF,DIA,SPDR Dow Jones Industrial Average ETF Trust,USD,2024-09-20,1.248
US ETF,DIA,SPDR Dow Jones Industrial Average ETF Trust,USD,2024-10-18,0.149
US ETF,DIA,SPDR Dow Jones Industrial Average ETF Trust,USD,2024-11-15,0.266
US ETF,DIA,SPDR Dow Jones Industrial Average ETF Trust,USD,2024-12-20,1.223
US ETF,DIA,SPDR Dow Jones Industrial Average ETF Trust,USD,2025-01-17,0.162
US ETF,DIA,SPDR Dow Jones Industrial Average ETF Trust,USD,2025-02-21,0.659
US ETF,DIA,SPDR Dow Jones Industrial Average ETF Trust,USD,2025-03-21,0.801
US ETF,DIA,SPDR Dow Jones Industrial Average ETF Trust,USD,2025-04-17,0.197
US ETF,DIA,SPDR Dow Jones Industrial Average ETF Trust,USD,2025-05-16,0.322
US ETF,DIA,SPDR Dow Jones Industrial Average ETF Trust,USD,2025-06-20,1.199
US ETF,DIA,SPDR Dow Jones Industrial Average ETF Trust,USD,2025-07-18,0.181
US ETF,DIVO,Amplify CWP Enhanced Dividend Income ETF,USD,2020-08-27,0.141
US ETF,DIVO,Amplify CWP Enhanced Dividend Income ETF,USD,2020-09-28,0.132
US ETF,DIVO,Amplify CWP Enhanced Dividend Income ETF,USD,2020-10-28,0.14
US ETF,DIVO,Amplify CWP Enhanced Dividend Income ETF,USD,2020-11-25,0.147
US ETF,DIVO,Amplify CWP Enhanced Dividend Income ETF,USD,2020-12-29,0.149
US ETF,DIVO,Amplify CWP Enhanced Dividend Income ETF,USD,2021-01-27,0.153
US ETF,DIVO,Amplify CWP Enhanced Dividend Income ETF,USD,2021-02-24,0.153
US ETF,DIVO,Amplify CWP Enhanced Dividend Income ETF,USD,2021-03-29,0.157
US ETF,DIVO,Amplify CWP Enhanced Dividend Income ETF,USD,2021-04-28,0.154
US ETF,DIVO,Amplify CWP Enhanced Dividend Income ETF,USD,2021-05-26,0.157
US ETF,DIVO,Amplify CWP Enhanced Dividend Income ETF,USD,2021-06-28,0.148
US ETF,DIVO,Amplify CWP Enhanced Dividend Income ETF,USD,2021-07-28,0.153
US ETF,DIVO,Amplify CWP Enhanced Dividend Income ETF,USD,2021-08-27,0.153
US ETF,DIVO,Amplify CWP Enhanced Dividend Income ETF,USD,2021-09-28,0.149
US ETF,DIVO,Amplify CWP Enhanced Dividend Income ETF,USD,2021-10-27,0.148
US ETF,DIVO,Amplify CWP Enhanced Dividend Income ETF,USD,2021-11-26,0.15
US ETF,DIVO,Amplify CWP Enhanced Dividend Income ETF,USD,2021-12-29,0.153
US ETF,DIVO,Amplify CWP Enhanced Dividend Income ETF,USD,2022-01-27,0.145
US ETF,DIVO,Amplify CWP Enhanced Dividend Income ETF,USD,2022-02-24,0.145
US ETF,DIVO,Amplify CWP Enhanced Dividend Income ETF,USD,2022-03-29,0.151
US ETF,DIVO,Amplify CWP Enhanced Dividend Income ETF,USD,2022-04-27,0.147
US ETF,DIVO,Amplify CWP Enhanced Dividend Income ETF,USD,2022-05-26,0.141
US ETF,DIVO,Amplify CWP Enhanced Dividend Income ETF,USD,2022-06-28,0.137
US ETF,DIVO,Amplify CWP Enhanced Dividend Income ETF,USD,2022-07-27,0.138
US ETF,DIVO,Amplify CWP Enhanced Dividend Income ETF,USD,2022-08-29,0.144
US ETF,DIVO,Amplify CWP Enhanced Dividend Income ETF,USD,2022-09-28,0.13
US ETF,DIVO,Amplify CWP Enhanced Dividend Income ETF,USD,2022-10-27,0.139
US ETF,DIVO,Amplify CWP Enhanced Dividend Income ETF,USD,2022-11-28,0.147
US ETF,DIVO,Amplify CWP Enhanced Dividend Income ETF,USD,2022-12-28,0.144
US ETF,DIVO,Amplify CWP Enhanced Dividend Income ETF,USD,2023-01-27,0.144
US ETF,DIVO,Amplify CWP Enhanced Dividend Income ETF,USD,2023-02-24,0.141
US ETF,DIVO,Amplify CWP Enhanced Dividend Income ETF,USD,2023-03-29,0.139
US ETF,DIVO,Amplify CWP Enhanced Dividend Income ETF,USD,2023-04-26,0.145
US ETF,DIVO,Amplify CWP Enhanced Dividend Income ETF,USD,2023-05-26,0.139
US ETF,DIVO,Amplify CWP Enhanced Dividend Income ETF,USD,2023-06-28,0.142
US ETF,DIVO,Amplify CWP Enhanced Dividend Income ETF,USD,2023-07-27,0.148
US ETF,DIVO,Amplify CWP Enhanced Dividend Income ETF,USD,2023-08-29,0.143
US ETF,DIVO,Amplify CWP Enhanced Dividend Income ETF,USD,2023-09-27,0.141
US ETF,DIVO,Amplify CWP Enhanced Dividend Income ETF,USD,2023-10-27,0.138
US ETF,DIVO,Amplify CWP Enhanced Dividend Income ETF,USD,2023-11-28,0.142
US ETF,DIVO,Amplify CWP Enhanced Dividend Income ETF,USD,2023-12-27,0.146
US ETF,DIVO,Amplify CWP Enhanced Dividend Income ETF,USD,2024-01-29,0.149
US ETF,DIVO,Amplify CWP Enhanced Dividend Income ETF,USD,2024-02-27,0.152
US ETF,DIVO,Amplify CWP Enhanced Dividend Income ETF,USD,2024-03-26,0.155
US ETF,DIVO,Amplify CWP Enhanced Dividend Income ETF,USD,2024-04-26,0.153
US ETF,DIVO,Amplify CWP Enhanced Dividend Income ETF,USD,2024-05-30,0.154
US ETF,DIVO,Amplify CWP Enhanced Dividend Income ETF,USD,2024-06-27,0.156
US ETF,DIVO,Amplify CWP Enhanced Dividend Income ETF,USD,2024-07-30,0.158
US ETF,DIVO,Amplify CWP Enhanced Dividend Income ETF,USD,2024-08-29,0.161
US ETF,DIVO,Amplify CWP Enhanced Dividend Income ETF,USD,2024-09-27,0.163
US ETF,DIVO,Amplify CWP Enhanced Dividend Income ETF,USD,2024-10-30,0.164
US ETF,DIVO,Amplify CWP Enhanced Dividend Income ETF,USD,2024-11-27,0.171
US ETF,DIVO,Amplify CWP Enhanced Dividend Income ETF,USD,2024-12-30,0.165
US ETF,DIVO,Amplify CWP Enhanced Dividend Income ETF,USD,2025-01-30,0.169
US ETF,DIVO,Amplify CWP Enhanced Dividend Income ETF,USD,2025-02-27,0.167
US ETF,DIVO,Amplify CWP Enhanced Dividend Income ETF,USD,2025-03-28,0.165
US ETF,DIVO,Amplify CWP Enhanced Dividend Income ETF,USD,2025-04-29,0.158
US ETF,DIVO,Amplify CWP Enhanced Dividend Income ETF,USD,2025-05-29,0.165
US ETF,DIVO,Amplify CWP Enhanced Dividend Income ETF,USD,2025-06-27,0.168
US ETF,DIVO,Amplify CWP Enhanced Dividend Income ETF,USD,2025-07-30,0.172
US ETF,DVY,iShares Select Dividend ETF,USD,2020-09-23,0.946
US ETF,DVY,iShares Select Dividend ETF,USD,2020-12-14,0.83
US ETF,DVY,iShares Select Dividend ETF,USD,2021-03-25,0.961
US ETF,DVY,iShares Select Dividend ETF,USD,2021-06-10,0.993
US ETF,DVY,iShares Select Dividend ETF,USD,2021-09-24,1.032
US ETF,DVY,iShares Select Dividend ETF,USD,2021-12-13,0.837
US ETF,DVY,iShares Select Dividend ETF,USD,2022-03-24,0.888
US ETF,DVY,iShares Select Dividend ETF,USD,2022-06-09,0.867
US ETF,DVY,iShares Select Dividend ETF,USD,2022-09-26,1.346
US ETF,DVY,iShares Select Dividend ETF,USD,2022-12-13,1.04
US ETF,DVY,iShares Select Dividend ETF,USD,2023-03-23,1.005
US ETF,DVY,iShares Select Dividend ETF,USD,2023-06-07,0.816
US ETF,DVY,iShares Select Dividend ETF,USD,2023-09-26,1.465
US ETF,DVY,iShares Select Dividend ETF,USD,2023-12-20,1.189
US ETF,DVY,iShares Select Dividend ETF,USD,2024-03-21,0.998
US ETF,DVY,iShares Select Dividend ETF,USD,2024-06-11,0.93
US ETF,DVY,iShares Select Dividend ETF,USD,2024-09-25,1.55
US ETF,DVY,iShares Select Dividend ETF,USD,2024-12-17,1.316
US ETF,DVY,iShares Select Dividend ETF,USD,2025-03-18,1.049
US ETF,DVY,iShares Select Dividend ETF,USD,2025-06-16,1.233
US ETF,EFA,iShares MSCI EAFE ETF,USD,2020-12-14,0.694
US ETF,EFA,iShares MSCI EAFE ETF,USD,2021-06-10,1.102
US ETF,EFA,iShares MSCI EAFE ETF,USD,2021-12-13,1.352
US ETF,EFA,iShares MSCI EAFE ETF,USD,2021-12-30,0.163
US ETF,EFA,iShares MSCI EAFE ETF,USD,2022-06-09,1.498
US ETF,EFA,iShares MSCI EAFE ETF,USD,2022-12-13,0.268
US ETF,EFA,iShares MSCI EAFE ETF,USD,2023-06-07,1.311
US ETF,EFA,iShares MSCI EAFE ETF,USD,2023-12-20,0.931
US ETF,EFA,iShares MSCI EAFE ETF,USD,2024-06-11,1.393
US ETF,EFA,iShares MSCI EAFE ETF,USD,2024-12-17,1.057
US ETF,EFA,iShares MSCI EAFE ETF,USD,2025-06-16,1.519
US ETF,GDX,VanEck Gold Miners ETF,USD,2020-12-21,0.19
US ETF,GDX,VanEck Gold Miners ETF,USD,2021-12-20,0.535
US ETF,GDX,VanEck Gold Miners ETF,USD,2022-12-19,0.476
US ETF,GDX,VanEck Gold Miners ETF,USD,2023-12-18,0.5
US ETF,GDX,VanEck Gold Miners ETF,USD,2024-12-23,0.403
US ETF,HDV,iShares Core High Dividend ETF,USD,2020-09-23,0.851
US ETF,HDV,iShares Core High Dividend ETF,USD,2020-12-14,0.923
US ETF,HDV,iShares Core High Dividend ETF,USD,2021-03-25,0.882
US ETF,HDV,iShares Core High Dividend ETF,USD,2021-06-10,0.81
US ETF,HDV,iShares Core High Dividend ETF,USD,2021-09-24,0.764
US ETF,HDV,iShares Core High Dividend ETF,USD,2021-12-13,1.051
US ETF,HDV,iShares Core High Dividend ETF,USD,2022-03-24,0.77
US ETF,HDV,iShares Core High Dividend ETF,USD,2022-06-09,0.57
US ETF,HDV,iShares Core High Dividend ETF,USD,2022-09-26,1.231
US ETF,HDV,iShares Core High Dividend ETF,USD,2022-12-13,1.145
US ETF,HDV,iShares Core High Dividend ETF,USD,2023-03-23,1.042
US ETF,HDV,iShares Core High Dividend ETF,USD,2023-06-07,0.796
US ETF,HDV,iShares Core High Dividend ETF,USD,2023-09-26,1.078
US ETF,HDV,iShares Core High Dividend ETF,USD,2023-12-20,0.977
US ETF,HDV,iShares Core High Dividend ETF,USD,2024-03-21,0.835
US ETF,HDV,iShares Core High Dividend ETF,USD,2024-06-11,0.928
US ETF,HDV,iShares Core High Dividend ETF,USD,2024-09-25,1.229
US ETF,HDV,iShares Core High Dividend ETF,USD,2024-12-17,1.122
US ETF,HDV,iShares Core High Dividend ETF,USD,2025-03-18,0.795
US ETF,HDV,iShares Core High Dividend ETF,USD,2025-06-16,0.913
US ETF,HYG,iShares iBoxx $ High Yield Corporate Bond ETF,USD,2020-09-01,0.341
US ETF,HYG,iShares iBoxx $ High Yield Corporate Bond ETF,USD,2020-10-01,0.357
US ETF,HYG,iShares iBoxx $ High Yield Corporate Bond ETF,USD,2020-11-02,0.359
US ETF,HYG,iShares iBoxx $ High Yield Corporate Bond ETF,USD,2020-12-01,0.341
US ETF,HYG,iShares iBoxx $ High Yield Corporate Bond ETF,USD,2020-12-17,0.359
US ETF,HYG,iShares iBoxx $ High Yield Corporate Bond ETF,USD,2021-02-01,0.318
US ETF,HYG,iShares iBoxx $ High Yield Corporate Bond ETF,USD,2021-03-01,0.307
US ETF,HYG,iShares iBoxx $ High Yield Corporate Bond ETF,USD,2021-04-01,0.294
US ETF,HYG,iShares iBoxx $ High Yield Corporate Bond ETF,USD,2021-05-03,0.294
US ETF,HYG,iShares iBoxx $ High Yield Corporate Bond ETF,USD,2021-06-01,0.291
US ETF,HYG,iShares iBoxx $ High Yield Corporate Bond ETF,USD,2021-07-01,0.292
US ETF,HYG,iShares iBoxx $ High Yield Corporate Bond ETF,USD,2021-08-02,0.283
US ETF,HYG,iShares iBoxx $ High Yield Corporate Bond ETF,USD,2021-09-01,0.275
US ETF,HYG,iShares iBoxx $ High Yield Corporate Bond ETF,USD,2021-10-01,0.289
US ETF,HYG,iShares iBoxx $ High Yield Corporate Bond ETF,USD,2021-11-01,0.277
US ETF,HYG,iShares iBoxx $ High Yield Corporate Bond ETF,USD,2021-12-01,0.282
US ETF,HYG,iShares iBoxx $ High Yield Corporate Bond ETF,USD,2021-12-16,0.296
US ETF,HYG,iShares iBoxx $ High Yield Corporate Bond ETF,USD,2022-02-01,0.305
US ETF,HYG,iShares iBoxx $ High Yield Corporate Bond ETF,USD,2022-03-01,0.307
US ETF,HYG,iShares iBoxx $ High Yield Corporate Bond ETF,USD,2022-04-01,0.334
US ETF,HYG,iShares iBoxx $ High Yield Corporate Bond ETF,USD,2022-05-02,0.305
US ETF,HYG,iShares iBoxx $ High Yield Corporate Bond ETF,USD,2022-06-01,0.307
US ETF,HYG,iShares iBoxx $ High Yield Corporate Bond ETF,USD,2022-07-01,0.329
US ETF,HYG,iShares iBoxx $ High Yield Corporate Bond ETF,USD,2022-08-01,0.304
US ETF,HYG,iShares iBoxx $ High Yield Corporate Bond ETF,USD,2022-09-01,0.366
US ETF,HYG,iShares iBoxx $ High Yield Corporate Bond ETF,USD,2022-10-03,0.351
US ETF,HYG,iShares iBoxx $ High Yield Corporate Bond ETF,USD,2022-11-01,0.28
US ETF,HYG,iShares iBoxx $ High Yield Corporate Bond ETF,USD,2022-12-01,0.319
US ETF,HYG,iShares iBoxx $ High Yield Corporate Bond ETF,USD,2022-12-15,0.396
US ETF,HYG,iShares iBoxx $ High Yield Corporate Bond ETF,USD,2023-02-01,0.368
US ETF,HYG,iShares iBoxx $ High Yield Corporate Bond ETF,USD,2023-03-01,0.45
US ETF,HYG,iShares iBoxx $ High Yield Corporate Bond ETF,USD,2023-04-03,0.342
US ETF,HYG,iShares iBoxx $ High Yield Corporate Bond ETF,USD,2023-05-01,0.326
US ETF,HYG,iShares iBoxx $ High Yield Corporate Bond ETF,USD,2023-06-01,0.353
US ETF,HYG,iShares iBoxx $ High Yield Corporate Bond ETF,USD,2023-07-03,0.403
US ETF,HYG,iShares iBoxx $ High Yield Corporate Bond ETF,USD,2023-08-01,0.358
US ETF,HYG,iShares iBoxx $ High Yield Corporate Bond ETF,USD,2023-09-01,0.351
US ETF,HYG,iShares iBoxx $ High Yield Corporate Bond ETF,USD,2023-10-02,0.385
US ETF,HYG,iShares iBoxx $ High Yield Corporate Bond ETF,USD,2023-11-01,0.388
US ETF,HYG,iShares iBoxx $ High Yield Corporate Bond ETF,USD,2023-12-01,0.344
US ETF,HYG,iShares iBoxx $ High Yield Corporate Bond ETF,USD,2023-12-14,0.379
US ETF,HYG,iShares iBoxx $ High Yield Corporate Bond ETF,USD,2024-02-01,0.384
US ETF,HYG,iShares iBoxx $ High Yield Corporate Bond ETF,USD,2024-03-01,0.438
US ETF,HYG,iShares iBoxx $ High Yield Corporate Bond ETF,USD,2024-04-01,0.395
US ETF,HYG,iShares iBoxx $ High Yield Corporate Bond ETF,USD,2024-05-01,0.4
US ETF,HYG,iShares iBoxx $ High Yield Corporate Bond ETF,USD,2024-06-03,0.358
US ETF,HYG,iShares iBoxx $ High Yield Corporate Bond ETF,USD,2024-07-01,0.405
US ETF,HYG,iShares iBoxx $ High Yield Corporate Bond ETF,USD,2024-08-01,0.409
US ETF,HYG,iShares iBoxx $ High Yield Corporate Bond ETF,USD,2024-09-03,0.38
US ETF,HYG,iShares iBoxx $ High Yield Corporate Bond ETF,USD,2024-10-01,0.39
US ETF,HYG,iShares iBoxx $ High Yield Corporate Bond ETF,USD,2024-11-01,0.395
US ETF,HYG,iShares iBoxx $ High Yield Corporate Bond ETF,USD,2024-12-02,0.361
US ETF,HYG,iShares iBoxx $ High Yield Corporate Bond ETF,USD,2024-12-18,0.409
US ETF,HYG,iShares iBoxx $ High Yield Corporate Bond ETF,USD,2025-02-03,0.36
US ETF,HYG,iShares iBoxx $ High Yield Corporate Bond ETF,USD,2025-03-03,0.374
US ETF,HYG,iShares iBoxx $ High Yield Corporate Bond ETF,USD,2025-04-01,0.382
US ETF,HYG,iShares iBoxx $ High Yield Corporate Bond ETF,USD,2025-05-01,0.401
US ETF,HYG,iShares iBoxx $ High Yield Corporate Bond ETF,USD,2025-06-02,0.376
US ETF,HYG,iShares iBoxx $ High Yield Corporate Bond ETF,USD,2025-07-01,0.379
US ETF,HYG,iShares iBoxx $ High Yield Corporate Bond ETF,USD,2025-08-01,0.404
US ETF,IEF,iShares 7-10 Year Treasury Bond ETF,USD,2020-09-01,0.088
US ETF,IEF,iShares 7-10 Year Treasury Bond ETF,USD,2020-10-01,0.079
US ETF,IEF,iShares 7-10 Year Treasury Bond ETF,USD,2020-11-02,0.076
US ETF,IEF,iShares 7-10 Year Treasury Bond ETF,USD,2020-12-01,0.08
US ETF,IEF,iShares 7-10 Year Treasury Bond ETF,USD,2020-12-17,0.073
US ETF,IEF,iShares 7-10 Year Treasury Bond ETF,USD,2021-02-01,0.078
US ETF,IEF,iShares 7-10 Year Treasury Bond ETF,USD,2021-03-01,0.07
US ETF,IEF,iShares 7-10 Year Treasury Bond ETF,USD,2021-04-01,0.07
US ETF,IEF,iShares 7-10 Year Treasury Bond ETF,USD,2021-05-03,0.074
US ETF,IEF,iShares 7-10 Year Treasury Bond ETF,USD,2021-06-01,0.079
US ETF,IEF,iShares 7-10 Year Treasury Bond ETF,USD,2021-07-01,0.077
US ETF,IEF,iShares 7-10 Year Treasury Bond ETF,USD,2021-08-02,0.076
US ETF,IEF,iShares 7-10 Year Treasury Bond ETF,USD,2021-09-01,0.08
US ETF,IEF,iShares 7-10 Year Treasury Bond ETF,USD,2021-10-01,0.08
US ETF,IEF,iShares 7-10 Year Treasury Bond ETF,USD,2021-11-01,0.081
US ETF,IEF,iShares 7-10 Year Treasury Bond ETF,USD,2021-12-01,0.088
US ETF,IEF,iShares 7-10 Year Treasury Bond ETF,USD,2021-12-16,0.106
US ETF,IEF,iShares 7-10 Year Treasury Bond ETF,USD,2022-02-01,0.108
US ETF,IEF,iShares 7-10 Year Treasury Bond ETF,USD,2022-03-01,0.101
US ETF,IEF,iShares 7-10 Year Treasury Bond ETF,USD,2022-04-01,0.121
US ETF,IEF,iShares 7-10 Year Treasury Bond ETF,USD,2022-05-02,0.125
US ETF,IEF,iShares 7-10 Year Treasury Bond ETF,USD,2022-06-01,0.129
US ETF,IEF,iShares 7-10 Year Treasury Bond ETF,USD,2022-07-01,0.155
US ETF,IEF,iShares 7-10 Year Treasury Bond ETF,USD,2022-08-01,0.184
US ETF,IEF,iShares 7-10 Year Treasury Bond ETF,USD,2022-09-01,0.179
US ETF,IEF,iShares 7-10 Year Treasury Bond ETF,USD,2022-10-03,0.187
US ETF,IEF,iShares 7-10 Year Treasury Bond ETF,USD,2022-11-01,0.203
US ETF,IEF,iShares 7-10 Year Treasury Bond ETF,USD,2022-12-01,0.194
US ETF,IEF,iShares 7-10 Year Treasury Bond ETF,USD,2022-12-15,0.192
US ETF,IEF,iShares 7-10 Year Treasury Bond ETF,USD,2023-02-01,0.212
US ETF,IEF,iShares 7-10 Year Treasury Bond ETF,USD,2023-03-01,0.196
US ETF,IEF,iShares 7-10 Year Treasury Bond ETF,USD,2023-04-03,0.196
US ETF,IEF,iShares 7-10 Year Treasury Bond ETF,USD,2023-05-01,0.239
US ETF,IEF,iShares 7-10 Year Treasury Bond ETF,USD,2023-06-01,0.232
US ETF,IEF,iShares 7-10 Year Treasury Bond ETF,USD,2023-07-03,0.232
US ETF,IEF,iShares 7-10 Year Treasury Bond ETF,USD,2023-08-01,0.242
US ETF,IEF,iShares 7-10 Year Treasury Bond ETF,USD,2023-09-01,0.242
US ETF,IEF,iShares 7-10 Year Treasury Bond ETF,USD,2023-10-02,0.239
US ETF,IEF,iShares 7-10 Year Treasury Bond ETF,USD,2023-11-01,0.249
US ETF,IEF,iShares 7-10 Year Treasury Bond ETF,USD,2023-12-01,0.249
US ETF,IEF,iShares 7-10 Year Treasury Bond ETF,USD,2023-12-14,0.282
US ETF,IEF,iShares 7-10 Year Treasury Bond ETF,USD,2024-02-01,0.236
US ETF,IEF,iShares 7-10 Year Treasury Bond ETF,USD,2024-03-01,0.249
US ETF,IEF,iShares 7-10 Year Treasury Bond ETF,USD,2024-04-01,0.276
US ETF,IEF,iShares 7-10 Year Treasury Bond ETF,USD,2024-05-01,0.271
US ETF,IEF,iShares 7-10 Year Treasury Bond ETF,USD,2024-06-03,0.276
US ETF,IEF,iShares 7-10 Year Treasury Bond ETF,USD,2024-07-01,0.285
US ETF,IEF,iShares 7-10 Year Treasury Bond ETF,USD,2024-08-01,0.289
US ETF,IEF,iShares 7-10 Year Treasury Bond ETF,USD,2024-09-03,0.288
US ETF,IEF,iShares 7-10 Year Treasury Bond ETF,USD,2024-10-01,0.286
US ETF,IEF,iShares 7-10 Year Treasury Bond ETF,USD,2024-11-01,0.292
US ETF,IEF,iShares 7-10 Year Treasury Bond ETF,USD,2024-12-02,0.292
US ETF,IEF,iShares 7-10 Year Treasury Bond ETF,USD,2024-12-18,0.308
US ETF,IEF,iShares 7-10 Year Treasury Bond ETF,USD,2025-02-03,0.296
US ETF,IEF,iShares 7-10 Year Treasury Bond ETF,USD,2025-03-03,0.275
US ETF,IEF,iShares 7-10 Year Treasury Bond ETF,USD,2025-04-01,0.304
US ETF,IEF,iShares 7-10 Year Treasury Bond ETF,USD,2025-05-01,0.313
US ETF,IEF,iShares 7-10 Year Treasury Bond ETF,USD,2025-06-02,0.31
US ETF,IEF,iShares 7-10 Year Treasury Bond ETF,USD,2025-07-01,0.303
US ETF,IEF,iShares 7-10 Year Treasury Bond ETF,USD,2025-08-01,0.309
US ETF,IEFA,iShares Core MSCI EAFE ETF,USD,2020-12-14,0.612
US ETF,IEFA,iShares Core MSCI EAFE ETF,USD,2021-06-10,1.088
US ETF,IEFA,iShares Core MSCI EAFE ETF,USD,2021-12-13,1.277
US ETF,IEFA,iShares Core MSCI EAFE ETF,USD,2021-12-30,0.11
US ETF,IEFA,iShares Core MSCI EAFE ETF,USD,2022-06-09,1.332
US ETF,IEFA,iShares Core MSCI EAFE ETF,USD,2022-12-13,0.335
US ETF,IEFA,iShares Core MSCI EAFE ETF,USD,2023-06-07,1.284
US ETF,IEFA,iShares Core MSCI EAFE ETF,USD,2023-12-20,0.968
US ETF,IEFA,iShares Core MSCI EAFE ETF,USD,2024-06-11,1.31
US ETF,IEFA,iShares Core MSCI EAFE ETF,USD,2024-12-17,1.13
US ETF,IEFA,iShares Core MSCI EAFE ETF,USD,2025-06-16,1.467
US ETF,IEMG,iShares Core MSCI Emerging Markets ETF,USD,2020-12-14,0.723
US ETF,IEMG,iShares Core MSCI Emerging Markets ETF,USD,2021-06-10,0.471
US ETF,IEMG,iShares Core MSCI Emerging Markets ETF,USD,2021-12-13,1.361
US ETF,IEMG,iShares Core MSCI Emerging Markets ETF,USD,2022-06-09,0.604
US ETF,IEMG,iShares Core MSCI Emerging Markets ETF,USD,2022-12-13,0.659
US ETF,IEMG,iShares Core MSCI Emerging Markets ETF,USD,2023-06-07,0.483
US ETF,IEMG,iShares Core MSCI Emerging Markets ETF,USD,2023-12-20,0.977
US ETF,IEMG,iShares Core MSCI Emerging Markets ETF,USD,2024-06-11,0.509
US ETF,IEMG,iShares Core MSCI Emerging Markets ETF,USD,2024-12-17,1.163
US ETF,IEMG,iShares Core MSCI Emerging Markets ETF,USD,2025-06-16,0.71
US ETF,IJH,iShares Core S&P Mid-Cap ETF,USD,2020-09-23,0.1666
US ETF,IJH,iShares Core S&P Mid-Cap ETF,USD,2020-12-14,0.132
US ETF,IJH,iShares Core S&P Mid-Cap ETF,USD,2021-03-25,0.1334
US ETF,IJH,iShares Core S&P Mid-Cap ETF,USD,2021-06-10,0.1476
US ETF,IJH,iShares Core S&P Mid-Cap ETF,USD,2021-09-24,0.1958
US ETF,IJH,iShares Core S&P Mid-Cap ETF,USD,2021-12-13,0.1932
US ETF,IJH,iShares Core S&P Mid-Cap ETF,USD,2022-03-24,0.1694
US ETF,IJH,iShares Core S&P Mid-Cap ETF,USD,2022-06-09,0.158
US ETF,IJH,iShares Core S&P Mid-Cap ETF,USD,2022-09-26,0.27
US ETF,IJH,iShares Core S&P Mid-Cap ETF,USD,2022-12-13,0.2168
US ETF,IJH,iShares Core S&P Mid-Cap ETF,USD,2023-03-23,0.1894
US ETF,IJH,iShares Core S&P Mid-Cap ETF,USD,2023-06-07,0.1512
US ETF,IJH,iShares Core S&P Mid-Cap ETF,USD,2023-09-26,0.2276
US ETF,IJH,iShares Core S&P Mid-Cap ETF,USD,2023-12-20,0.2412
US ETF,IJH,iShares Core S&P Mid-Cap ETF,USD,2024-03-21,0.16
US ETF,IJH,iShares Core S&P Mid-Cap ETF,USD,2024-06-11,0.161
US ETF,IJH,iShares Core S&P Mid-Cap ETF,USD,2024-09-25,0.239
US ETF,IJH,iShares Core S&P Mid-Cap ETF,USD,2024-12-17,0.267
US ETF,IJH,iShares Core S&P Mid-Cap ETF,USD,2025-03-18,0.163
US ETF,IJH,iShares Core S&P Mid-Cap ETF,USD,2025-06-16,0.19
US ETF,IJR,iShares Core S&P Small-Cap ETF,USD,2020-09-23,0.289
US ETF,IJR,iShares Core S&P Small-Cap ETF,USD,2020-12-14,0.248
US ETF,IJR,iShares Core S&P Small-Cap ETF,USD,2021-03-25,0.266
US ETF,IJR,iShares Core S&P Small-Cap ETF,USD,2021-06-10,0.253
US ETF,IJR,iShares Core S&P Small-Cap ETF,USD,2021-09-24,0.501
US ETF,IJR,iShares Core S&P Small-Cap ETF,USD,2021-12-13,0.734
US ETF,IJR,iShares Core S&P Small-Cap ETF,USD,2022-03-24,0.169
US ETF,IJR,iShares Core S&P Small-Cap ETF,USD,2022-06-09,0.302
US ETF,IJR,iShares Core S&P Small-Cap ETF,USD,2022-09-26,0.455
US ETF,IJR,iShares Core S&P Small-Cap ETF,USD,2022-12-13,0.412
US ETF,IJR,iShares Core S&P Small-Cap ETF,USD,2023-03-23,0.329
US ETF,IJR,iShares Core S&P Small-Cap ETF,USD,2023-06-07,0.351
US ETF,IJR,iShares Core S&P Small-Cap ETF,USD,2023-09-26,0.459
US ETF,IJR,iShares Core S&P Small-Cap ETF,USD,2023-12-20,0.283
US ETF,IJR,iShares Core S&P Small-Cap ETF,USD,2024-03-21,0.326
US ETF,IJR,iShares Core S&P Small-Cap ETF,USD,2024-06-11,0.386
US ETF,IJR,iShares Core S&P Small-Cap ETF,USD,2024-09-25,0.515
US ETF,IJR,iShares Core S&P Small-Cap ETF,USD,2024-12-17,1.138
US ETF,IJR,iShares Core S&P Small-Cap ETF,USD,2025-03-18,0.323
US ETF,IJR,iShares Core S&P Small-Cap ETF,USD,2025-06-16,0.388
US ETF,IVV,iShares Core S&P 500 ETF,USD,2020-09-23,1.506
US ETF,IVV,iShares Core S&P 500 ETF,USD,2020-12-14,1.61
US ETF,IVV,iShares Core S&P 500 ETF,USD,2021-03-25,1.311
US ETF,IVV,iShares Core S&P 500 ETF,USD,2021-06-10,1.225
US ETF,IVV,iShares Core S&P 500 ETF,USD,2021-09-24,1.693
US ETF,IVV,iShares Core S&P 500 ETF,USD,2021-12-13,1.498
US ETF,IVV,iShares Core S&P 500 ETF,USD,2022-03-24,1.481
US ETF,IVV,iShares Core S&P 500 ETF,USD,2022-06-09,1.283
US ETF,IVV,iShares Core S&P 500 ETF,USD,2022-09-26,1.906
US ETF,IVV,iShares Core S&P 500 ETF,USD,2022-12-13,1.724
US ETF,IVV,iShares Core S&P 500 ETF,USD,2023-03-23,1.648
US ETF,IVV,iShares Core S&P 500 ETF,USD,2023-06-07,1.339
US ETF,IVV,iShares Core S&P 500 ETF,USD,2023-09-26,1.987
US ETF,IVV,iShares Core S&P 500 ETF,USD,2023-12-20,1.925
US ETF,IVV,iShares Core S&P 500 ETF,USD,2024-03-21,1.665
US ETF,IVV,iShares Core S&P 500 ETF,USD,2024-06-11,1.611
US ETF,IVV,iShares Core S&P 500 ETF,USD,2024-09-25,2.235
US ETF,IVV,iShares Core S&P 500 ETF,USD,2024-12-17,2.134
US ETF,IVV,iShares Core S&P 500 ETF,USD,2025-03-18,1.765
US ETF,IVV,iShares Core S&P 500 ETF,USD,2025-06-16,1.867
US ETF,IWM,iShares Russell 2000 ETF,USD,2020-09-23,0.566
US ETF,IWM,iShares Russell 2000 ETF,USD,2020-12-14,0.592
US ETF,IWM,iShares Russell 2000 ETF,USD,2021-03-25,0.398
US ETF,IWM,iShares Russell 2000 ETF,USD,2021-06-10,0.347
US ETF,IWM,iShares Russell 2000 ETF,USD,2021-09-24,0.679
US ETF,IWM,iShares Russell 2000 ETF,USD,2021-12-13,0.666
US ETF,IWM,iShares Russell 2000 ETF,USD,2022-03-24,0.4
US ETF,IWM,iShares Russell 2000 ETF,USD,2022-06-09,0.494
US ETF,IWM,iShares Russell 2000 ETF,USD,2022-09-26,0.861
US ETF,IWM,iShares Russell 2000 ETF,USD,2022-12-13,0.83
US ETF,IWM,iShares Russell 2000 ETF,USD,2023-03-23,0.631
US ETF,IWM,iShares Russell 2000 ETF,USD,2023-06-07,0.509
US ETF,IWM,iShares Russell 2000 ETF,USD,2023-09-26,0.829
US ETF,IWM,iShares Russell 2000 ETF,USD,2023-12-20,0.734
US ETF,IWM,iShares Russell 2000 ETF,USD,2024-03-21,0.522
US ETF,IWM,iShares Russell 2000 ETF,USD,2024-06-11,0.562
US ETF,IWM,iShares Russell 2000 ETF,USD,2024-09-25,0.752
US ETF,IWM,iShares Russell 2000 ETF,USD,2024-12-17,0.694
US ETF,IWM,iShares Russell 2000 ETF,USD,2025-03-18,0.46
US ETF,IWM,iShares Russell 2000 ETF,USD,2025-06-16,0.576
US ETF,IYR,iShares U.S. Real Estate ETF,USD,2020-09-23,0.479
US ETF,IYR,iShares U.S. Real Estate ETF,USD,2020-12-14,0.601
US ETF,IYR,iShares U.S. Real Estate ETF,USD,2021-03-25,0.444
US ETF,IYR,iShares U.S. Real Estate ETF,USD,2021-06-10,0.524
US ETF,IYR,iShares U.S. Real Estate ETF,USD,2021-09-24,0.29
US ETF,IYR,iShares U.S. Real Estate ETF,USD,2021-12-13,1.137
US ETF,IYR,iShares U.S. Real Estate ETF,USD,2022-03-24,0.433
US ETF,IYR,iShares U.S. Real Estate ETF,USD,2022-06-09,0.345
US ETF,IYR,iShares U.S. Real Estate ETF,USD,2022-09-26,0.893
US ETF,IYR,iShares U.S. Real Estate ETF,USD,2022-12-13,0.784
US ETF,IYR,iShares U.S. Real Estate ETF,USD,2023-03-23,0.451
US ETF,IYR,iShares U.S. Real Estate ETF,USD,2023-06-07,0.396
US ETF,IYR,iShares U.S. Real Estate ETF,USD,2023-09-26,0.9
US ETF,IYR,iShares U.S. Real Estate ETF,USD,2023-12-20,0.767
US ETF,IYR,iShares U.S. Real Estate ETF,USD,2024-03-21,0.337
US ETF,IYR,iShares U.S. Real Estate ETF,USD,2024-06-11,0.546
US ETF,IYR,iShares U.S. Real Estate ETF,USD,2024-09-25,0.713
US ETF,IYR,iShares U.S. Real Estate ETF,USD,2024-12-17,0.798
US ETF,IYR,iShares U.S. Real Estate ETF,USD,2025-03-18,0.359
US ETF,IYR,iShares U.S. Real Estate ETF,USD,2025-06-16,0.495
US ETF,JEPI,JPMorgan Equity Premium Income ETF,USD,2020-09-01,0.453
US ETF,JEPI,JPMorgan Equity Premium Income ETF,USD,2020-10-01,0.435
US ETF,JEPI,JPMorgan Equity Premium Income ETF,USD,2020-11-02,0.515
US ETF,JEPI,JPMorgan Equity Premium Income ETF,USD,2020-12-01,0.5
US ETF,JEPI,JPMorgan Equity Premium Income ETF,USD,2020-12-30,0.543
US ETF,JEPI,JPMorgan Equity Premium Income ETF,USD,2021-02-01,0.263
US ETF,JEPI,JPMorgan Equity Premium Income ETF,USD,2021-03-01,0.321
US ETF,JEPI,JPMorgan Equity Premium Income ETF,USD,2021-04-01,0.348
US ETF,JEPI,JPMorgan Equity Premium Income ETF,USD,2021-05-03,0.374
US ETF,JEPI,JPMorgan Equity Premium Income ETF,USD,2021-06-01,0.314
US ETF,JEPI,JPMorgan Equity Premium Income ETF,USD,2021-07-01,0.395
US ETF,JEPI,JPMorgan Equity Premium Income ETF,USD,2021-08-02,0.257
US ETF,JEPI,JPMorgan Equity Premium Income ETF,USD,2021-09-01,0.339
US ETF,JEPI,JPMorgan Equity Premium Income ETF,USD,2021-10-01,0.343
US ETF,JEPI,JPMorgan Equity Premium Income ETF,USD,2021-11-01,0.366
US ETF,JEPI,JPMorgan Equity Premium Income ETF,USD,2021-12-01,0.383
US ETF,JEPI,JPMorgan Equity Premium Income ETF,USD,2021-12-30,0.459
US ETF,JEPI,JPMorgan Equity Premium Income ETF,USD,2022-02-01,0.382
US ETF,JEPI,JPMorgan Equity Premium Income ETF,USD,2022-03-01,0.462
US ETF,JEPI,JPMorgan Equity Premium Income ETF,USD,2022-04-01,0.588
US ETF,JEPI,JPMorgan Equity Premium Income ETF,USD,2022-05-02,0.468
US ETF,JEPI,JPMorgan Equity Premium Income ETF,USD,2022-06-01,0.516
US ETF,JEPI,JPMorgan Equity Premium Income ETF,USD,2022-07-01,0.621
US ETF,JEPI,JPMorgan Equity Premium Income ETF,USD,2022-08-01,0.495
US ETF,JEPI,JPMorgan Equity Premium Income ETF,USD,2022-09-01,0.559
US ETF,JEPI,JPMorgan Equity Premium Income ETF,USD,2022-10-03,0.481
US ETF,JEPI,JPMorgan Equity Premium Income ETF,USD,2022-11-01,0.606
US ETF,JEPI,JPMorgan Equity Premium Income ETF,USD,2022-12-01,0.61
US ETF,JEPI,JPMorgan Equity Premium Income ETF,USD,2022-12-29,0.573
US ETF,JEPI,JPMorgan Equity Premium Income ETF,USD,2023-02-01,0.444
US ETF,JEPI,JPMorgan Equity Premium Income ETF,USD,2023-03-01,0.411
US ETF,JEPI,JPMorgan Equity Premium Income ETF,USD,2023-04-03,0.445
US ETF,JEPI,JPMorgan Equity Premium Income ETF,USD,2023-05-01,0.425
US ETF,JEPI,JPMorgan Equity Premium Income ETF,USD,2023-06-01,0.365
US ETF,JEPI,JPMorgan Equity Premium Income ETF,USD,2023-07-03,0.359
US ETF,JEPI,JPMorgan Equity Premium Income ETF,USD,2023-08-01,0.29
US ETF,JEPI,JPMorgan Equity Premium Income ETF,USD,2023-09-01,0.338
US ETF,JEPI,JPMorgan Equity Premium Income ETF,USD,2023-10-02,0.363
US ETF,JEPI,JPMorgan Equity Premium Income ETF,USD,2023-11-01,0.359
US ETF,JEPI,JPMorgan Equity Premium Income ETF,USD,2023-12-01,0.39
US ETF,JEPI,JPMorgan Equity Premium Income ETF,USD,2023-12-28,0.428
US ETF,JEPI,JPMorgan Equity Premium Income ETF,USD,2024-02-01,0.301
US ETF,JEPI,JPMorgan Equity Premium Income ETF,USD,2024-03-01,0.301
US ETF,JEPI,JPMorgan Equity Premium Income ETF,USD,2024-04-01,0.345
US ETF,JEPI,JPMorgan Equity Premium Income ETF,USD,2024-05-01,0.326
US ETF,JEPI,JPMorgan Equity Premium Income ETF,USD,2024-06-03,0.36
US ETF,JEPI,JPMorgan Equity Premium Income ETF,USD,2024-07-01,0.33
US ETF,JEPI,JPMorgan Equity Premium Income ETF,USD,2024-08-01,0.289
US ETF,JEPI,JPMorgan Equity Premium Income ETF,USD,2024-09-03,0.4
US ETF,JEPI,JPMorgan Equity Premium Income ETF,USD,2024-10-01,0.392
US ETF,JEPI,JPMorgan Equity Premium Income ETF,USD,2024-11-01,0.375
US ETF,JEPI,JPMorgan Equity Premium Income ETF,USD,2024-12-02,0.402
US ETF,JEPI,JPMorgan Equity Premium Income ETF,USD,2024-12-31,0.395
US ETF,JEPI,JPMorgan Equity Premium Income ETF,USD,2025-02-03,0.326
US ETF,JEPI,JPMorgan Equity Premium Income ETF,USD,2025-03-03,0.328
US ETF,JEPI,JPMorgan Equity Premium Income ETF,USD,2025-04-01,0.408
US ETF,JEPI,JPMorgan Equity Premium Income ETF,USD,2025-05-01,0.488
US ETF,JEPI,JPMorgan Equity Premium Income ETF,USD,2025-06-02,0.54
US ETF,JEPI,JPMorgan Equity Premium Income ETF,USD,2025-07-01,0.4
US ETF,JEPI,JPMorgan Equity Premium Income ETF,USD,2025-08-01,0.358
US ETF,JEPQ,JPMorgan Nasdaq Equity Premium Income ETF,USD,2022-06-01,0.376
US ETF,JEPQ,JPMorgan Nasdaq Equity Premium Income ETF,USD,2022-07-01,0.34
US ETF,JEPQ,JPMorgan Nasdaq Equity Premium Income ETF,USD,2022-08-01,0.407
US ETF,JEPQ,JPMorgan Nasdaq Equity Premium Income ETF,USD,2022-09-01,0.546
US ETF,JEPQ,JPMorgan Nasdaq Equity Premium Income ETF,USD,2022-10-03,0.38
US ETF,JEPQ,JPMorgan Nasdaq Equity Premium Income ETF,USD,2022-11-01,0.681
US ETF,JEPQ,JPMorgan Nasdaq Equity Premium Income ETF,USD,2022-12-01,0.546
US ETF,JEPQ,JPMorgan Nasdaq Equity Premium Income ETF,USD,2022-12-29,0.576
US ETF,JEPQ,JPMorgan Nasdaq Equity Premium Income ETF,USD,2023-02-01,0.441
US ETF,JEPQ,JPMorgan Nasdaq Equity Premium Income ETF,USD,2023-03-01,0.433
US ETF,JEPQ,JPMorgan Nasdaq Equity Premium Income ETF,USD,2023-04-03,0.454
US ETF,JEPQ,JPMorgan Nasdaq Equity Premium Income ETF,USD,2023-05-01,0.484
US ETF,JEPQ,JPMorgan Nasdaq Equity Premium Income ETF,USD,2023-06-01,0.357
US ETF,JEPQ,JPMorgan Nasdaq Equity Premium Income ETF,USD,2023-07-03,0.367
US ETF,JEPQ,JPMorgan Nasdaq Equity Premium Income ETF,USD,2023-08-01,0.366
US ETF,JEPQ,JPMorgan Nasdaq Equity Premium Income ETF,USD,2023-09-01,0.451
US ETF,JEPQ,JPMorgan Nasdaq Equity Premium Income ETF,USD,2023-10-02,0.417
US ETF,JEPQ,JPMorgan Nasdaq Equity Premium Income ETF,USD,2023-11-01,0.418
US ETF,JEPQ,JPMorgan Nasdaq Equity Premium Income ETF,USD,2023-12-01,0.422
US ETF,JEPQ,JPMorgan Nasdaq Equity Premium Income ETF,USD,2024-02-01,0.342
US ETF,JEPQ,JPMorgan Nasdaq Equity Premium Income ETF,USD,2024-03-01,0.38
US ETF,JEPQ,JPMorgan Nasdaq Equity Premium Income ETF,USD,2024-04-01,0.427
US ETF,JEPQ,JPMorgan Nasdaq Equity Premium Income ETF,USD,2024-05-01,0.431
US ETF,JEPQ,JPMorgan Nasdaq Equity Premium Income ETF,USD,2024-06-03,0.45
US ETF,JEPQ,JPMorgan Nasdaq Equity Premium Income ETF,USD,2024-07-01,0.421
US ETF,JEPQ,JPMorgan Nasdaq Equity Premium Income ETF,USD,2024-08-01,0.427
US ETF,JEPQ,JPMorgan Nasdaq Equity Premium Income ETF,USD,2024-09-03,0.557
US ETF,JEPQ,JPMorgan Nasdaq Equity Premium Income ETF,USD,2024-10-01,0.551
US ETF,JEPQ,JPMorgan Nasdaq Equity Premium Income ETF,USD,2024-11-01,0.494
US ETF,JEPQ,JPMorgan Nasdaq Equity Premium Income ETF,USD,2024-12-02,0.508
US ETF,JEPQ,JPMorgan Nasdaq Equity Premium Income ETF,USD,2024-12-31,0.456
US ETF,JEPQ,JPMorgan Nasdaq Equity Premium Income ETF,USD,2025-02-03,0.45
US ETF,JEPQ,JPMorgan Nasdaq Equity Premium Income ETF,USD,2025-03-03,0.482
US ETF,JEPQ,JPMorgan Nasdaq Equity Premium Income ETF,USD,2025-04-01,0.541
US ETF,JEPQ,JPMorgan Nasdaq Equity Premium Income ETF,USD,2025-05-01,0.598
US ETF,JEPQ,JPMorgan Nasdaq Equity Premium Income ETF,USD,2025-06-02,0.621
US ETF,JEPQ,JPMorgan Nasdaq Equity Premium Income ETF,USD,2025-07-01,0.494
US ETF,JEPQ,JPMorgan Nasdaq Equity Premium Income ETF,USD,2025-08-01,0.444
US ETF,LQD,iShares iBoxx $ Investment Grade Corporate Bond ETF,USD,2020-09-01,0.295
US ETF,LQD,iShares iBoxx $ Investment Grade Corporate Bond ETF,USD,2020-10-01,0.294
US ETF,LQD,iShares iBoxx $ Investment Grade Corporate Bond ETF,USD,2020-11-02,0.283
US ETF,LQD,iShares iBoxx $ Investment Grade Corporate Bond ETF,USD,2020-12-01,0.276
US ETF,LQD,iShares iBoxx $ Investment Grade Corporate Bond ETF,USD,2020-12-17,0.28
US ETF,LQD,iShares iBoxx $ Investment Grade Corporate Bond ETF,USD,2021-02-01,0.267
US ETF,LQD,iShares iBoxx $ Investment Grade Corporate Bond ETF,USD,2021-03-01,0.269
US ETF,LQD,iShares iBoxx $ Investment Grade Corporate Bond ETF,USD,2021-04-01,0.254
US ETF,LQD,iShares iBoxx $ Investment Grade Corporate Bond ETF,USD,2021-05-03,0.255
US ETF,LQD,iShares iBoxx $ Investment Grade Corporate Bond ETF,USD,2021-06-01,0.257
US ETF,LQD,iShares iBoxx $ Investment Grade Corporate Bond ETF,USD,2021-07-01,0.253
US ETF,LQD,iShares iBoxx $ Investment Grade Corporate Bond ETF,USD,2021-08-02,0.243
US ETF,LQD,iShares iBoxx $ Investment Grade Corporate Bond ETF,USD,2021-09-01,0.234
US ETF,LQD,iShares iBoxx $ Investment Grade Corporate Bond ETF,USD,2021-10-01,0.255
US ETF,LQD,iShares iBoxx $ Investment Grade Corporate Bond ETF,USD,2021-11-01,0.262
US ETF,LQD,iShares iBoxx $ Investment Grade Corporate Bond ETF,USD,2021-12-01,0.239
US ETF,LQD,iShares iBoxx $ Investment Grade Corporate Bond ETF,USD,2021-12-16,0.256
US ETF,LQD,iShares iBoxx $ Investment Grade Corporate Bond ETF,USD,2022-02-01,0.242
US ETF,LQD,iShares iBoxx $ Investment Grade Corporate Bond ETF,USD,2022-03-01,0.256
US ETF,LQD,iShares iBoxx $ Investment Grade Corporate Bond ETF,USD,2022-04-01,0.255
US ETF,LQD,iShares iBoxx $ Investment Grade Corporate Bond ETF,USD,2022-05-02,0.254
US ETF,LQD,iShares iBoxx $ Investment Grade Corporate Bond ETF,USD,2022-06-01,0.274
US ETF,LQD,iShares iBoxx $ Investment Grade Corporate Bond ETF,USD,2022-07-01,0.297
US ETF,LQD,iShares iBoxx $ Investment Grade Corporate Bond ETF,USD,2022-08-01,0.276
US ETF,LQD,iShares iBoxx $ Investment Grade Corporate Bond ETF,USD,2022-09-01,0.304
US ETF,LQD,iShares iBoxx $ Investment Grade Corporate Bond ETF,USD,2022-10-03,0.339
US ETF,LQD,iShares iBoxx $ Investment Grade Corporate Bond ETF,USD,2022-11-01,0.307
US ETF,LQD,iShares iBoxx $ Investment Grade Corporate Bond ETF,USD,2022-12-01,0.344
US ETF,LQD,iShares iBoxx $ Investment Grade Corporate Bond ETF,USD,2022-12-15,0.332
US ETF,LQD,iShares iBoxx $ Investment Grade Corporate Bond ETF,USD,2023-02-01,0.342
US ETF,LQD,iShares iBoxx $ Investment Grade Corporate Bond ETF,USD,2023-03-01,0.372
US ETF,LQD,iShares iBoxx $ Investment Grade Corporate Bond ETF,USD,2023-04-03,0.34
US ETF,LQD,iShares iBoxx $ Investment Grade Corporate Bond ETF,USD,2023-05-01,0.372
US ETF,LQD,iShares iBoxx $ Investment Grade Corporate Bond ETF,USD,2023-06-01,0.349
US ETF,LQD,iShares iBoxx $ Investment Grade Corporate Bond ETF,USD,2023-07-03,0.348
US ETF,LQD,iShares iBoxx $ Investment Grade Corporate Bond ETF,USD,2023-08-01,0.369
US ETF,LQD,iShares iBoxx $ Investment Grade Corporate Bond ETF,USD,2023-09-01,0.377
US ETF,LQD,iShares iBoxx $ Investment Grade Corporate Bond ETF,USD,2023-10-02,0.399
US ETF,LQD,iShares iBoxx $ Investment Grade Corporate Bond ETF,USD,2023-11-01,0.364
US ETF,LQD,iShares iBoxx $ Investment Grade Corporate Bond ETF,USD,2023-12-01,0.395
US ETF,LQD,iShares iBoxx $ Investment Grade Corporate Bond ETF,USD,2023-12-14,0.393
US ETF,LQD,iShares iBoxx $ Investment Grade Corporate Bond ETF,USD,2024-02-01,0.389
US ETF,LQD,iShares iBoxx $ Investment Grade Corporate Bond ETF,USD,2024-03-01,0.393
US ETF,LQD,iShares iBoxx $ Investment Grade Corporate Bond ETF,USD,2024-04-01,0.411
US ETF,LQD,iShares iBoxx $ Investment Grade Corporate Bond ETF,USD,2024-05-01,0.415
US ETF,LQD,iShares iBoxx $ Investment Grade Corporate Bond ETF,USD,2024-06-03,0.405
US ETF,LQD,iShares iBoxx $ Investment Grade Corporate Bond ETF,USD,2024-07-01,0.376
US ETF,LQD,iShares iBoxx $ Investment Grade Corporate Bond ETF,USD,2024-08-01,0.392
US ETF,LQD,iShares iBoxx $ Investment Grade Corporate Bond ETF,USD,2024-09-03,0.405
US ETF,LQD,iShares iBoxx $ Investment Grade Corporate Bond ETF,USD,2024-10-01,0.411
US ETF,LQD,iShares iBoxx $ Investment Grade Corporate Bond ETF,USD,2024-11-01,0.385
US ETF,LQD,iShares iBoxx $ Investment Grade Corporate Bond ETF,USD,2024-12-02,0.383
US ETF,LQD,iShares iBoxx $ Investment Grade Corporate Bond ETF,USD,2024-12-18,0.385
US ETF,LQD,iShares iBoxx $ Investment Grade Corporate Bond ETF,USD,2025-02-03,0.389
US ETF,LQD,iShares iBoxx $ Investment Grade Corporate Bond ETF,USD,2025-03-03,0.415
US ETF,LQD,iShares iBoxx $ Investment Grade Corporate Bond ETF,USD,2025-04-01,0.417
US ETF,LQD,iShares iBoxx $ Investment Grade Corporate Bond ETF,USD,2025-05-01,0.432
US ETF,LQD,iShares iBoxx $ Investment Grade Corporate Bond ETF,USD,2025-06-02,0.396
US ETF,LQD,iShares iBoxx $ Investment Grade Corporate Bond ETF,USD,2025-07-01,0.402
US ETF,LQD,iShares iBoxx $ Investment Grade Corporate Bond ETF,USD,2025-08-01,0.444
US ETF,NOBL,ProShares S&P 500 Dividend Aristocrats ETF,USD,2020-09-23,0.415
US ETF,NOBL,ProShares S&P 500 Dividend Aristocrats ETF,USD,2020-12-23,0.535
US ETF,NOBL,ProShares S&P 500 Dividend Aristocrats ETF,USD,2021-03-23,0.376
US ETF,NOBL,ProShares S&P 500 Dividend Aristocrats ETF,USD,2021-06-22,0.437
US ETF,NOBL,ProShares S&P 500 Dividend Aristocrats ETF,USD,2021-09-22,0.413
US ETF,NOBL,ProShares S&P 500 Dividend Aristocrats ETF,USD,2021-12-23,0.634
US ETF,NOBL,ProShares S&P 500 Dividend Aristocrats ETF,USD,2022-03-23,0.352
US ETF,NOBL,ProShares S&P 500 Dividend Aristocrats ETF,USD,2022-06-22,0.388
US ETF,NOBL,ProShares S&P 500 Dividend Aristocrats ETF,USD,2022-09-21,0.403
US ETF,NOBL,ProShares S&P 500 Dividend Aristocrats ETF,USD,2022-12-22,0.6
US ETF,NOBL,ProShares S&P 500 Dividend Aristocrats ETF,USD,2023-03-22,0.354
US ETF,NOBL,ProShares S&P 500 Dividend Aristocrats ETF,USD,2023-06-21,0.463
US ETF,NOBL,ProShares S&P 500 Dividend Aristocrats ETF,USD,2023-09-20,0.521
US ETF,NOBL,ProShares S&P 500 Dividend Aristocrats ETF,USD,2023-12-20,0.656
US ETF,NOBL,ProShares S&P 500 Dividend Aristocrats ETF,USD,2024-03-20,0.386
US ETF,NOBL,ProShares S&P 500 Dividend Aristocrats ETF,USD,2024-06-26,0.55
US ETF,NOBL,ProShares S&P 500 Dividend Aristocrats ETF,USD,2024-09-25,0.522
US ETF,NOBL,ProShares S&P 500 Dividend Aristocrats ETF,USD,2024-12-23,0.586
US ETF,NOBL,ProShares S&P 500 Dividend Aristocrats ETF,USD,2025-03-26,0.465
US ETF,NOBL,ProShares S&P 500 Dividend Aristocrats ETF,USD,2025-06-25,0.55
US ETF,QQQ,Invesco QQQ Trust,USD,2020-12-21,0.561
US ETF,QQQ,Invesco QQQ Trust,USD,2021-03-22,0.395
US ETF,QQQ,Invesco QQQ Trust,USD,2021-06-21,0.397
US ETF,QQQ,Invesco QQQ Trust,USD,2021-09-20,0.414
US ETF,QQQ,Invesco QQQ Trust,USD,2021-12-20,0.491
US ETF,QQQ,Invesco QQQ Trust,USD,2022-03-21,0.434
US ETF,QQQ,Invesco QQQ Trust,USD,2022-06-21,0.527
US ETF,QQQ,Invesco QQQ Trust,USD,2022-09-19,0.519
US ETF,QQQ,Invesco QQQ Trust,USD,2022-12-19,0.655
US ETF,QQQ,Invesco QQQ Trust,USD,2023-03-20,0.472
US ETF,QQQ,Invesco QQQ Trust,USD,2023-06-20,0.504
US ETF,QQQ,Invesco QQQ Trust,USD,2023-09-18,0.536
US ETF,QQQ,Invesco QQQ Trust,USD,2023-12-18,0.808
US ETF,QQQ,Invesco QQQ Trust,USD,2023-12-27,0.216
US ETF,QQQ,Invesco QQQ Trust,USD,2024-03-18,0.573
US ETF,QQQ,Invesco QQQ Trust,USD,2024-06-24,0.762
US ETF,QQQ,Invesco QQQ Trust,USD,2024-09-23,0.677
US ETF,QQQ,Invesco QQQ Trust,USD,2024-12-23,0.835
US ETF,QQQ,Invesco QQQ Trust,USD,2025-03-24,0.716
US ETF,QQQ,Invesco QQQ Trust,USD,2025-06-23,0.591
US ETF,QQQJ,Invesco NASDAQ Next Gen 100 ETF,USD,2020-12-21,0.029
US ETF,QQQJ,Invesco NASDAQ Next Gen 100 ETF,USD,2021-03-22,0.028
US ETF,QQQJ,Invesco NASDAQ Next Gen 100 ETF,USD,2021-06-21,0.026
US ETF,QQQJ,Invesco NASDAQ Next Gen 100 ETF,USD,2021-09-20,0.024
US ETF,QQQJ,Invesco NASDAQ Next Gen 100 ETF,USD,2021-12-20,0.228
US ETF,QQQJ,Invesco NASDAQ Next Gen 100 ETF,USD,2022-03-21,0.028
US ETF,QQQJ,Invesco NASDAQ Next Gen 100 ETF,USD,2022-06-21,0.037
US ETF,QQQJ,Invesco NASDAQ Next Gen 100 ETF,USD,2022-09-19,0.038
US ETF,QQQJ,Invesco NASDAQ Next Gen 100 ETF,USD,2022-12-19,0.077
US ETF,QQQJ,Invesco NASDAQ Next Gen 100 ETF,USD,2023-03-20,0.049
US ETF,QQQJ,Invesco NASDAQ Next Gen 100 ETF,USD,2023-06-20,0.05
US ETF,QQQJ,Invesco NASDAQ Next Gen 100 ETF,USD,2023-09-18,0.038
US ETF,QQQJ,Invesco NASDAQ Next Gen 100 ETF,USD,2023-12-18,0.044
US ETF,QQQJ,Invesco NASDAQ Next Gen 100 ETF,USD,2024-03-18,0.068
US ETF,QQQJ,Invesco NASDAQ Next Gen 100 ETF,USD,2024-06-24,0.087
US ETF,QQQJ,Invesco NASDAQ Next Gen 100 ETF,USD,2024-09-23,0.046
US ETF,QQQJ,Invesco NASDAQ Next Gen 100 ETF,USD,2024-12-23,0.035
US ETF,QQQJ,Invesco NASDAQ Next Gen 100 ETF,USD,2025-03-24,0.045
US ETF,QQQJ,Invesco NASDAQ Next Gen 100 ETF,USD,2025-06-23,0.088
US ETF,QQQM,Invesco NASDAQ 100 ETF,USD,2020-12-21,0.206
US ETF,QQQM,Invesco NASDAQ 100 ETF,USD,2021-03-22,0.157
US ETF,QQQM,Invesco NASDAQ 100 ETF,USD,2021-06-21,0.182
US ETF,QQQM,Invesco NASDAQ 100 ETF,USD,2021-09-20,0.166
US ETF,QQQM,Invesco NASDAQ 100 ETF,USD,2021-12-20,0.149
US ETF,QQQM,Invesco NASDAQ 100 ETF,USD,2022-03-21,0.194
US ETF,QQQM,Invesco NASDAQ 100 ETF,USD,2022-06-21,0.205
US ETF,QQQM,Invesco NASDAQ 100 ETF,USD,2022-09-19,0.245
US ETF,QQQM,Invesco NASDAQ 100 ETF,USD,2022-12-19,0.27
US ETF,QQQM,Invesco NASDAQ 100 ETF,USD,2023-03-20,0.254
US ETF,QQQM,Invesco NASDAQ 100 ETF,USD,2023-06-20,0.217
US ETF,QQQM,Invesco NASDAQ 100 ETF,USD,2023-09-18,0.245
US ETF,QQQM,Invesco NASDAQ 100 ETF,USD,2023-12-18,0.381
US ETF,QQQM,Invesco NASDAQ 100 ETF,USD,2024-03-18,0.345
US ETF,QQQM,Invesco NASDAQ 100 ETF,USD,2024-06-24,0.32
US ETF,QQQM,Invesco NASDAQ 100 ETF,USD,2024-09-23,0.3
US ETF,QQQM,Invesco NASDAQ 100 ETF,USD,2024-12-23,0.31
US ETF,QQQM,Invesco NASDAQ 100 ETF,USD,2025-03-24,0.318
US ETF,QQQM,Invesco NASDAQ 100 ETF,USD,2025-06-23,0.316
US ETF,QYLD,Global X Nasdaq 100 Covered Call ETF,USD,2020-08-24,0.22
US ETF,QYLD,Global X Nasdaq 100 Covered Call ETF,USD,2020-09-21,0.212
US ETF,QYLD,Global X Nasdaq 100 Covered Call ETF,USD,2020-10-19,0.217
US ETF,QYLD,Global X Nasdaq 100 Covered Call ETF,USD,2020-11-23,0.223
US ETF,QYLD,Global X Nasdaq 100 Covered Call ETF,USD,2020-12-30,0.23
US ETF,QYLD,Global X Nasdaq 100 Covered Call ETF,USD,2021-01-19,0.229
US ETF,QYLD,Global X Nasdaq 100 Covered Call ETF,USD,2021-02-22,0.233
US ETF,QYLD,Global X Nasdaq 100 Covered Call ETF,USD,2021-03-22,0.224
US ETF,QYLD,Global X Nasdaq 100 Covered Call ETF,USD,2021-04-19,0.228
US ETF,QYLD,Global X Nasdaq 100 Covered Call ETF,USD,2021-05-24,0.221
US ETF,QYLD,Global X Nasdaq 100 Covered Call ETF,USD,2021-06-21,0.194
US ETF,QYLD,Global X Nasdaq 100 Covered Call ETF,USD,2021-07-19,0.223
US ETF,QYLD,Global X Nasdaq 100 Covered Call ETF,USD,2021-08-23,0.188
US ETF,QYLD,Global X Nasdaq 100 Covered Call ETF,USD,2021-09-20,0.19
US ETF,QYLD,Global X Nasdaq 100 Covered Call ETF,USD,2021-10-18,0.197
US ETF,QYLD,Global X Nasdaq 100 Covered Call ETF,USD,2021-11-22,0.225
US ETF,QYLD,Global X Nasdaq 100 Covered Call ETF,USD,2021-12-30,0.499
US ETF,QYLD,Global X Nasdaq 100 Covered Call ETF,USD,2022-01-24,0.203
US ETF,QYLD,Global X Nasdaq 100 Covered Call ETF,USD,2022-02-22,0.202
US ETF,QYLD,Global X Nasdaq 100 Covered Call ETF,USD,2022-03-21,0.21
US ETF,QYLD,Global X Nasdaq 100 Covered Call ETF,USD,2022-04-18,0.205
US ETF,QYLD,Global X Nasdaq 100 Covered Call ETF,USD,2022-05-23,0.179
US ETF,QYLD,Global X Nasdaq 100 Covered Call ETF,USD,2022-06-21,0.174
US ETF,QYLD,Global X Nasdaq 100 Covered Call ETF,USD,2022-07-18,0.181
US ETF,QYLD,Global X Nasdaq 100 Covered Call ETF,USD,2022-08-22,0.181
US ETF,QYLD,Global X Nasdaq 100 Covered Call ETF,USD,2022-09-19,0.165
US ETF,QYLD,Global X Nasdaq 100 Covered Call ETF,USD,2022-10-24,0.163
US ETF,QYLD,Global X Nasdaq 100 Covered Call ETF,USD,2022-11-21,0.165
US ETF,QYLD,Global X Nasdaq 100 Covered Call ETF,USD,2022-12-29,0.161
US ETF,QYLD,Global X Nasdaq 100 Covered Call ETF,USD,2023-01-23,0.17
US ETF,QYLD,Global X Nasdaq 100 Covered Call ETF,USD,2023-02-21,0.167
US ETF,QYLD,Global X Nasdaq 100 Covered Call ETF,USD,2023-03-20,0.169
US ETF,QYLD,Global X Nasdaq 100 Covered Call ETF,USD,2023-04-24,0.173
US ETF,QYLD,Global X Nasdaq 100 Covered Call ETF,USD,2023-05-22,0.168
US ETF,QYLD,Global X Nasdaq 100 Covered Call ETF,USD,2023-06-20,0.177
US ETF,QYLD,Global X Nasdaq 100 Covered Call ETF,USD,2023-07-24,0.18
US ETF,QYLD,Global X Nasdaq 100 Covered Call ETF,USD,2023-08-21,0.173
US ETF,QYLD,Global X Nasdaq 100 Covered Call ETF,USD,2023-09-18,0.172
US ETF,QYLD,Global X Nasdaq 100 Covered Call ETF,USD,2023-10-23,0.167
US ETF,QYLD,Global X Nasdaq 100 Covered Call ETF,USD,2023-11-20,0.161
US ETF,QYLD,Global X Nasdaq 100 Covered Call ETF,USD,2023-12-28,0.166
US ETF,QYLD,Global X Nasdaq 100 Covered Call ETF,USD,2024-01-22,0.179
US ETF,QYLD,Global X Nasdaq 100 Covered Call ETF,USD,2024-02-20,0.177
US ETF,QYLD,Global X Nasdaq 100 Covered Call ETF,USD,2024-03-18,0.178
US ETF,QYLD,Global X Nasdaq 100 Covered Call ETF,USD,2024-04-22,0.172
US ETF,QYLD,Global X Nasdaq 100 Covered Call ETF,USD,2024-05-20,0.163
US ETF,QYLD,Global X Nasdaq 100 Covered Call ETF,USD,2024-06-24,0.169
US ETF,QYLD,Global X Nasdaq 100 Covered Call ETF,USD,2024-07-22,0.177
US ETF,QYLD,Global X Nasdaq 100 Covered Call ETF,USD,2024-08-19,0.179
US ETF,QYLD,Global X Nasdaq 100 Covered Call ETF,USD,2024-09-23,0.181
US ETF,QYLD,Global X Nasdaq 100 Covered Call ETF,USD,2024-10-21,0.183
US ETF,QYLD,Global X Nasdaq 100 Covered Call ETF,USD,2024-11-18,0.18
US ETF,QYLD,Global X Nasdaq 100 Covered Call ETF,USD,2024-12-30,0.339
US ETF,QYLD,Global X Nasdaq 100 Covered Call ETF,USD,2025-01-21,0.188
US ETF,QYLD,Global X Nasdaq 100 Covered Call ETF,USD,2025-02-24,0.165
US ETF,QYLD,Global X Nasdaq 100 Covered Call ETF,USD,2025-03-24,0.17
US ETF,QYLD,Global X Nasdaq 100 Covered Call ETF,USD,2025-04-21,0.16
US ETF,QYLD,Global X Nasdaq 100 Covered Call ETF,USD,2025-05-19,0.165
US ETF,QYLD,Global X Nasdaq 100 Covered Call ETF,USD,2025-06-23,0.166
US ETF,QYLD,Global X Nasdaq 100 Covered Call ETF,USD,2025-07-21,0.165
US ETF,RYLD,Global X Russell 2000 Covered Call ETF,USD,2020-08-24,0.208
US ETF,RYLD,Global X Russell 2000 Covered Call ETF,USD,2020-09-21,0.209
US ETF,RYLD,Global X Russell 2000 Covered Call ETF,USD,2020-10-19,0.214
US ETF,RYLD,Global X Russell 2000 Covered Call ETF,USD,2020-11-23,0.222
US ETF,RYLD,Global X Russell 2000 Covered Call ETF,USD,2020-12-30,0.228
US ETF,RYLD,Global X Russell 2000 Covered Call ETF,USD,2021-01-19,0.227
US ETF,RYLD,Global X Russell 2000 Covered Call ETF,USD,2021-02-22,0.24
US ETF,RYLD,Global X Russell 2000 Covered Call ETF,USD,2021-03-22,0.245
US ETF,RYLD,Global X Russell 2000 Covered Call ETF,USD,2021-04-19,0.249
US ETF,RYLD,Global X Russell 2000 Covered Call ETF,USD,2021-05-24,0.248
US ETF,RYLD,Global X Russell 2000 Covered Call ETF,USD,2021-06-21,0.248
US ETF,RYLD,Global X Russell 2000 Covered Call ETF,USD,2021-07-19,0.246
US ETF,RYLD,Global X Russell 2000 Covered Call ETF,USD,2021-08-23,0.251
US ETF,RYLD,Global X Russell 2000 Covered Call ETF,USD,2021-09-20,0.252
US ETF,RYLD,Global X Russell 2000 Covered Call ETF,USD,2021-10-18,0.247
US ETF,RYLD,Global X Russell 2000 Covered Call ETF,USD,2021-11-22,0.255
US ETF,RYLD,Global X Russell 2000 Covered Call ETF,USD,2021-12-30,0.307
US ETF,RYLD,Global X Russell 2000 Covered Call ETF,USD,2022-01-24,0.223
US ETF,RYLD,Global X Russell 2000 Covered Call ETF,USD,2022-02-22,0.232
US ETF,RYLD,Global X Russell 2000 Covered Call ETF,USD,2022-03-21,0.24
US ETF,RYLD,Global X Russell 2000 Covered Call ETF,USD,2022-04-18,0.235
US ETF,RYLD,Global X Russell 2000 Covered Call ETF,USD,2022-05-23,0.211
US ETF,RYLD,Global X Russell 2000 Covered Call ETF,USD,2022-06-21,0.202
US ETF,RYLD,Global X Russell 2000 Covered Call ETF,USD,2022-07-18,0.212
US ETF,RYLD,Global X Russell 2000 Covered Call ETF,USD,2022-08-22,0.207
US ETF,RYLD,Global X Russell 2000 Covered Call ETF,USD,2022-09-19,0.196
US ETF,RYLD,Global X Russell 2000 Covered Call ETF,USD,2022-10-24,0.195
US ETF,RYLD,Global X Russell 2000 Covered Call ETF,USD,2022-11-21,0.199
US ETF,RYLD,Global X Russell 2000 Covered Call ETF,USD,2022-12-29,0.187
US ETF,RYLD,Global X Russell 2000 Covered Call ETF,USD,2023-01-23,0.196
US ETF,RYLD,Global X Russell 2000 Covered Call ETF,USD,2023-02-21,0.196
US ETF,RYLD,Global X Russell 2000 Covered Call ETF,USD,2023-04-24,0.182
US ETF,RYLD,Global X Russell 2000 Covered Call ETF,USD,2023-05-22,0.161
US ETF,RYLD,Global X Russell 2000 Covered Call ETF,USD,2023-06-20,0.183
US ETF,RYLD,Global X Russell 2000 Covered Call ETF,USD,2023-07-24,0.18
US ETF,RYLD,Global X Russell 2000 Covered Call ETF,USD,2023-08-21,0.174
US ETF,RYLD,Global X Russell 2000 Covered Call ETF,USD,2023-09-18,0.173
US ETF,RYLD,Global X Russell 2000 Covered Call ETF,USD,2023-10-23,0.162
US ETF,RYLD,Global X Russell 2000 Covered Call ETF,USD,2023-11-20,0.168
US ETF,RYLD,Global X Russell 2000 Covered Call ETF,USD,2023-12-28,0.167
US ETF,RYLD,Global X Russell 2000 Covered Call ETF,USD,2024-01-22,0.165
US ETF,RYLD,Global X Russell 2000 Covered Call ETF,USD,2024-02-20,0.163
US ETF,RYLD,Global X Russell 2000 Covered Call ETF,USD,2024-03-18,0.167
US ETF,RYLD,Global X Russell 2000 Covered Call ETF,USD,2024-04-22,0.163
US ETF,RYLD,Global X Russell 2000 Covered Call ETF,USD,2024-05-20,0.165
US ETF,RYLD,Global X Russell 2000 Covered Call ETF,USD,2024-06-24,0.161
US ETF,RYLD,Global X Russell 2000 Covered Call ETF,USD,2024-07-22,0.161
US ETF,RYLD,Global X Russell 2000 Covered Call ETF,USD,2024-08-19,0.161
US ETF,RYLD,Global X Russell 2000 Covered Call ETF,USD,2024-09-23,0.162
US ETF,RYLD,Global X Russell 2000 Covered Call ETF,USD,2024-10-21,0.166
US ETF,RYLD,Global X Russell 2000 Covered Call ETF,USD,2024-11-18,0.166
US ETF,RYLD,Global X Russell 2000 Covered Call ETF,USD,2024-12-30,0.166
US ETF,RYLD,Global X Russell 2000 Covered Call ETF,USD,2025-01-21,0.168
US ETF,RYLD,Global X Russell 2000 Covered Call ETF,USD,2025-02-24,0.163
US ETF,RYLD,Global X Russell 2000 Covered Call ETF,USD,2025-03-24,0.154
US ETF,RYLD,Global X Russell 2000 Covered Call ETF,USD,2025-04-21,0.143
US ETF,RYLD,Global X Russell 2000 Covered Call ETF,USD,2025-05-19,0.148
US ETF,RYLD,Global X Russell 2000 Covered Call ETF,USD,2025-06-23,0.149
US ETF,RYLD,Global X Russell 2000 Covered Call ETF,USD,2025-07-21,0.15
US ETF,SCHB,Schwab U.S. Broad Market ETF,USD,2020-09-23,0.081167
US ETF,SCHB,Schwab U.S. Broad Market ETF,USD,2020-12-10,0.060833
US ETF,SCHB,Schwab U.S. Broad Market ETF,USD,2021-03-24,0.046833
US ETF,SCHB,Schwab U.S. Broad Market ETF,USD,2021-06-23,0.052667
US ETF,SCHB,Schwab U.S. Broad Market ETF,USD,2021-09-22,0.055833
US ETF,SCHB,Schwab U.S. Broad Market ETF,USD,2021-12-08,0.0695
US ETF,SCHB,Schwab U.S. Broad Market ETF,USD,2021-12-30,0.003167
US ETF,SCHB,Schwab U.S. Broad Market ETF,USD,2022-03-23,0.048333
US ETF,SCHB,Schwab U.S. Broad Market ETF,USD,2022-06-22,0.059667
US ETF,SCHB,Schwab U.S. Broad Market ETF,USD,2022-09-21,0.062333
US ETF,SCHB,Schwab U.S. Broad Market ETF,USD,2022-12-07,0.070667
US ETF,SCHB,Schwab U.S. Broad Market ETF,USD,2023-03-22,0.059333
US ETF,SCHB,Schwab U.S. Broad Market ETF,USD,2023-06-21,0.062
US ETF,SCHB,Schwab U.S. Broad Market ETF,USD,2023-09-20,0.063333
US ETF,SCHB,Schwab U.S. Broad Market ETF,USD,2023-12-06,0.074667
US ETF,SCHB,Schwab U.S. Broad Market ETF,USD,2024-03-20,0.062333
US ETF,SCHB,Schwab U.S. Broad Market ETF,USD,2024-06-26,0.067667
US ETF,SCHB,Schwab U.S. Broad Market ETF,USD,2024-09-25,0.069
US ETF,SCHB,Schwab U.S. Broad Market ETF,USD,2024-12-11,0.083
US ETF,SCHB,Schwab U.S. Broad Market ETF,USD,2025-03-26,0.065
US ETF,SCHB,Schwab U.S. Broad Market ETF,USD,2025-06-25,0.07
US ETF,SCHD,Schwab U.S. Dividend Equity ETF,USD,2020-09-23,0.181
US ETF,SCHD,Schwab U.S. Dividend Equity ETF,USD,2020-12-10,0.200667
US ETF,SCHD,Schwab U.S. Dividend Equity ETF,USD,2021-03-24,0.167667
US ETF,SCHD,Schwab U.S. Dividend Equity ETF,USD,2021-06-23,0.18
US ETF,SCHD,Schwab U.S. Dividend Equity ETF,USD,2021-09-22,0.195667
US ETF,SCHD,Schwab U.S. Dividend Equity ETF,USD,2021-12-08,0.206667
US ETF,SCHD,Schwab U.S. Dividend Equity ETF,USD,2022-03-23,0.172667
US ETF,SCHD,Schwab U.S. Dividend Equity ETF,USD,2022-06-22,0.234667
US ETF,SCHD,Schwab U.S. Dividend Equity ETF,USD,2022-09-21,0.212333
US ETF,SCHD,Schwab U.S. Dividend Equity ETF,USD,2022-12-07,0.234333
US ETF,SCHD,Schwab U.S. Dividend Equity ETF,USD,2023-03-22,0.199
US ETF,SCHD,Schwab U.S. Dividend Equity ETF,USD,2023-06-21,0.221667
US ETF,SCHD,Schwab U.S. Dividend Equity ETF,USD,2023-09-20,0.218333
US ETF,SCHD,Schwab U.S. Dividend Equity ETF,USD,2023-12-06,0.247333
US ETF,SCHD,Schwab U.S. Dividend Equity ETF,USD,2024-03-20,0.203667
US ETF,SCHD,Schwab U.S. Dividend Equity ETF,USD,2024-06-26,0.274667
US ETF,SCHD,Schwab U.S. Dividend Equity ETF,USD,2024-09-25,0.251667
US ETF,SCHD,Schwab U.S. Dividend Equity ETF,USD,2024-12-11,0.265
US ETF,SCHD,Schwab U.S. Dividend Equity ETF,USD,2025-03-26,0.249
US ETF,SCHD,Schwab U.S. Dividend Equity ETF,USD,2025-06-25,0.26
US ETF,SDY,SPDR S&P Dividend ETF,USD,2020-09-18,0.686
US ETF,SDY,SPDR S&P Dividend ETF,USD,2020-12-18,0.987
US ETF,SDY,SPDR S&P Dividend ETF,USD,2021-03-19,0.809
US ETF,SDY,SPDR S&P Dividend ETF,USD,2021-09-17,0.85
US ETF,SDY,SPDR S&P Dividend ETF,USD,2021-12-17,0.97
US ETF,SDY,SPDR S&P Dividend ETF,USD,2022-03-18,0.774
US ETF,SDY,SPDR S&P Dividend ETF,USD,2022-06-17,0.761
US ETF,SDY,SPDR S&P Dividend ETF,USD,2022-09-16,0.771
US ETF,SDY,SPDR S&P Dividend ETF,USD,2022-12-16,0.89
US ETF,SDY,SPDR S&P Dividend ETF,USD,2023-03-17,0.713
US ETF,SDY,SPDR S&P Dividend ETF,USD,2023-06-16,0.814
US ETF,SDY,SPDR S&P Dividend ETF,USD,2023-09-15,0.793
US ETF,SDY,SPDR S&P Dividend ETF,USD,2023-12-15,0.978
US ETF,SDY,SPDR S&P Dividend ETF,USD,2024-03-15,0.708
US ETF,SDY,SPDR S&P Dividend ETF,USD,2024-06-21,0.859
US ETF,SDY,SPDR S&P Dividend ETF,USD,2024-09-20,0.785
US ETF,SDY,SPDR S&P Dividend ETF,USD,2024-12-20,1.03
US ETF,SDY,SPDR S&P Dividend ETF,USD,2025-03-24,0.818
US ETF,SDY,SPDR S&P Dividend ETF,USD,2025-06-23,0.927
US ETF,SPLG,SPDR Portfolio S&P 500 ETF,USD,2020-09-21,0.15
US ETF,SPLG,SPDR Portfolio S&P 500 ETF,USD,2020-12-21,0.181
US ETF,SPLG,SPDR Portfolio S&P 500 ETF,USD,2021-03-22,0.173
US ETF,SPLG,SPDR Portfolio S&P 500 ETF,USD,2021-06-21,0.167
US ETF,SPLG,SPDR Portfolio S&P 500 ETF,USD,2021-09-20,0.154
US ETF,SPLG,SPDR Portfolio S&P 500 ETF,USD,2021-12-20,0.203
US ETF,SPLG,SPDR Portfolio S&P 500 ETF,USD,2022-03-21,0.167
US ETF,SPLG,SPDR Portfolio S&P 500 ETF,USD,2022-06-21,0.194
US ETF,SPLG,SPDR Portfolio S&P 500 ETF,USD,2022-09-19,0.193
US ETF,SPLG,SPDR Portfolio S&P 500 ETF,USD,2022-12-19,0.207
US ETF,SPLG,SPDR Portfolio S&P 500 ETF,USD,2023-03-20,0.183
US ETF,SPLG,SPDR Portfolio S&P 500 ETF,USD,2023-06-20,0.203
US ETF,SPLG,SPDR Portfolio S&P 500 ETF,USD,2023-09-18,0.198
US ETF,SPLG,SPDR Portfolio S&P 500 ETF,USD,2023-12-18,0.221
US ETF,SPLG,SPDR Portfolio S&P 500 ETF,USD,2024-03-18,0.202
US ETF,SPLG,SPDR Portfolio S&P 500 ETF,USD,2024-06-24,0.223
US ETF,SPLG,SPDR Portfolio S&P 500 ETF,USD,2024-09-23,0.216
US ETF,SPLG,SPDR Portfolio S&P 500 ETF,USD,2024-12-27,0.239
US ETF,SPLG,SPDR Portfolio S&P 500 ETF,USD,2025-03-28,0.217
US ETF,SPLG,SPDR Portfolio S&P 500 ETF,USD,2025-06-27,0.214
US ETF,SPY,SPDR S&P 500 ETF Trust,USD,2020-09-18,1.339
US ETF,SPY,SPDR S&P 500 ETF Trust,USD,2020-12-18,1.58
US ETF,SPY,SPDR S&P 500 ETF Trust,USD,2021-03-19,1.278
US ETF,SPY,SPDR S&P 500 ETF Trust,USD,2021-06-18,1.376
US ETF,SPY,SPDR S&P 500 ETF Trust,USD,2021-09-17,1.428
US ETF,SPY,SPDR S&P 500 ETF Trust,USD,2021-12-17,1.633
US ETF,SPY,SPDR S&P 500 ETF Trust,USD,2022-03-18,1.366
US ETF,SPY,SPDR S&P 500 ETF Trust,USD,2022-06-17,1.577
US ETF,SPY,SPDR S&P 500 ETF Trust,USD,2022-09-16,1.596
US ETF,SPY,SPDR S&P 500 ETF Trust,USD,2022-12-16,1.781
US ETF,SPY,SPDR S&P 500 ETF Trust,USD,2023-03-17,1.506
US ETF,SPY,SPDR S&P 500 ETF Trust,USD,2023-06-16,1.638
US ETF,SPY,SPDR S&P 500 ETF Trust,USD,2023-09-15,1.583
US ETF,SPY,SPDR S&P 500 ETF Trust,USD,2023-12-15,1.906
US ETF,SPY,SPDR S&P 500 ETF Trust,USD,2024-03-15,1.595
US ETF,SPY,SPDR S&P 500 ETF Trust,USD,2024-06-21,1.759
US ETF,SPY,SPDR S&P 500 ETF Trust,USD,2024-09-20,1.746
US ETF,SPY,SPDR S&P 500 ETF Trust,USD,2024-12-20,1.966
US ETF,SPY,SPDR S&P 500 ETF Trust,USD,2025-03-21,1.696
US ETF,SPY,SPDR S&P 500 ETF Trust,USD,2025-06-20,1.761
US ETF,TIP,iShares TIPS Bond ETF,USD,2020-10-01,0.417
US ETF,TIP,iShares TIPS Bond ETF,USD,2020-11-02,0.318
US ETF,TIP,iShares TIPS Bond ETF,USD,2020-12-01,0.133
US ETF,TIP,iShares TIPS Bond ETF,USD,2020-12-17,0.023
US ETF,TIP,iShares TIPS Bond ETF,USD,2021-04-01,0.3
US ETF,TIP,iShares TIPS Bond ETF,USD,2021-05-03,0.515
US ETF,TIP,iShares TIPS Bond ETF,USD,2021-06-01,0.681
US ETF,TIP,iShares TIPS Bond ETF,USD,2021-07-01,0.833
US ETF,TIP,iShares TIPS Bond ETF,USD,2021-08-02,0.777
US ETF,TIP,iShares TIPS Bond ETF,USD,2021-09-01,0.896
US ETF,TIP,iShares TIPS Bond ETF,USD,2021-10-01,0.432
US ETF,TIP,iShares TIPS Bond ETF,USD,2021-11-01,0.122
US ETF,TIP,iShares TIPS Bond ETF,USD,2021-12-01,0.186
US ETF,TIP,iShares TIPS Bond ETF,USD,2021-12-16,0.786
US ETF,TIP,iShares TIPS Bond ETF,USD,2022-02-01,0.439
US ETF,TIP,iShares TIPS Bond ETF,USD,2022-03-01,0.229
US ETF,TIP,iShares TIPS Bond ETF,USD,2022-04-01,0.798
US ETF,TIP,iShares TIPS Bond ETF,USD,2022-05-02,0.938
US ETF,TIP,iShares TIPS Bond ETF,USD,2022-06-01,1.367
US ETF,TIP,iShares TIPS Bond ETF,USD,2022-07-01,0.565
US ETF,TIP,iShares TIPS Bond ETF,USD,2022-08-01,1.154
US ETF,TIP,iShares TIPS Bond ETF,USD,2022-09-01,1.438
US ETF,TIP,iShares TIPS Bond ETF,USD,2022-12-01,0.131
US ETF,TIP,iShares TIPS Bond ETF,USD,2022-12-15,0.349
US ETF,TIP,iShares TIPS Bond ETF,USD,2023-04-03,0.127
US ETF,TIP,iShares TIPS Bond ETF,USD,2023-05-01,0.569
US ETF,TIP,iShares TIPS Bond ETF,USD,2023-06-01,0.313
US ETF,TIP,iShares TIPS Bond ETF,USD,2023-07-03,0.504
US ETF,TIP,iShares TIPS Bond ETF,USD,2023-08-01,0.221
US ETF,TIP,iShares TIPS Bond ETF,USD,2023-09-01,0.323
US ETF,TIP,iShares TIPS Bond ETF,USD,2023-10-02,0.171
US ETF,TIP,iShares TIPS Bond ETF,USD,2023-11-01,0.452
US ETF,TIP,iShares TIPS Bond ETF,USD,2023-12-01,0.256
US ETF,TIP,iShares TIPS Bond ETF,USD,2024-04-01,0.065
US ETF,TIP,iShares TIPS Bond ETF,USD,2024-05-01,0.693
US ETF,TIP,iShares TIPS Bond ETF,USD,2024-06-03,0.727
US ETF,TIP,iShares TIPS Bond ETF,USD,2024-07-01,0.437
US ETF,TIP,iShares TIPS Bond ETF,USD,2024-08-01,0.173
US ETF,TIP,iShares TIPS Bond ETF,USD,2024-09-03,0.03
US ETF,TIP,iShares TIPS Bond ETF,USD,2024-10-01,0.122
US ETF,TIP,iShares TIPS Bond ETF,USD,2024-11-01,0.089
US ETF,TIP,iShares TIPS Bond ETF,USD,2024-12-02,0.19
US ETF,TIP,iShares TIPS Bond ETF,USD,2024-12-18,0.16
US ETF,TIP,iShares TIPS Bond ETF,USD,2025-04-01,0.709
US ETF,TIP,iShares TIPS Bond ETF,USD,2025-05-01,0.535
US ETF,TIP,iShares TIPS Bond ETF,USD,2025-06-02,0.273
US ETF,TIP,iShares TIPS Bond ETF,USD,2025-07-01,0.38
US ETF,TIP,iShares TIPS Bond ETF,USD,2025-08-01,0.264
US ETF,TLT,iShares 20+ Year Treasury Bond ETF,USD,2020-09-01,0.183
US ETF,TLT,iShares 20+ Year Treasury Bond ETF,USD,2020-10-01,0.169
US ETF,TLT,iShares 20+ Year Treasury Bond ETF,USD,2020-11-02,0.169
US ETF,TLT,iShares 20+ Year Treasury Bond ETF,USD,2020-12-01,0.163
US ETF,TLT,iShares 20+ Year Treasury Bond ETF,USD,2020-12-17,0.164
US ETF,TLT,iShares 20+ Year Treasury Bond ETF,USD,2021-02-01,0.176
US ETF,TLT,iShares 20+ Year Treasury Bond ETF,USD,2021-03-01,0.172
US ETF,TLT,iShares 20+ Year Treasury Bond ETF,USD,2021-04-01,0.185
US ETF,TLT,iShares 20+ Year Treasury Bond ETF,USD,2021-05-03,0.203
US ETF,TLT,iShares 20+ Year Treasury Bond ETF,USD,2021-06-01,0.199
US ETF,TLT,iShares 20+ Year Treasury Bond ETF,USD,2021-07-01,0.188
US ETF,TLT,iShares 20+ Year Treasury Bond ETF,USD,2021-08-02,0.182
US ETF,TLT,iShares 20+ Year Treasury Bond ETF,USD,2021-09-01,0.189
US ETF,TLT,iShares 20+ Year Treasury Bond ETF,USD,2021-10-01,0.183
US ETF,TLT,iShares 20+ Year Treasury Bond ETF,USD,2021-11-01,0.188
US ETF,TLT,iShares 20+ Year Treasury Bond ETF,USD,2021-12-01,0.184
US ETF,TLT,iShares 20+ Year Treasury Bond ETF,USD,2021-12-16,0.168
US ETF,TLT,iShares 20+ Year Treasury Bond ETF,USD,2022-02-01,0.198
US ETF,TLT,iShares 20+ Year Treasury Bond ETF,USD,2022-03-01,0.185
US ETF,TLT,iShares 20+ Year Treasury Bond ETF,USD,2022-04-01,0.202
US ETF,TLT,iShares 20+ Year Treasury Bond ETF,USD,2022-05-02,0.203
US ETF,TLT,iShares 20+ Year Treasury Bond ETF,USD,2022-06-01,0.207
US ETF,TLT,iShares 20+ Year Treasury Bond ETF,USD,2022-07-01,0.227
US ETF,TLT,iShares 20+ Year Treasury Bond ETF,USD,2022-08-01,0.213
US ETF,TLT,iShares 20+ Year Treasury Bond ETF,USD,2022-09-01,0.236
US ETF,TLT,iShares 20+ Year Treasury Bond ETF,USD,2022-10-03,0.244
US ETF,TLT,iShares 20+ Year Treasury Bond ETF,USD,2022-11-01,0.236
US ETF,TLT,iShares 20+ Year Treasury Bond ETF,USD,2022-12-01,0.244
US ETF,TLT,iShares 20+ Year Treasury Bond ETF,USD,2022-12-15,0.261
US ETF,TLT,iShares 20+ Year Treasury Bond ETF,USD,2023-02-01,0.275
US ETF,TLT,iShares 20+ Year Treasury Bond ETF,USD,2023-03-01,0.25
US ETF,TLT,iShares 20+ Year Treasury Bond ETF,USD,2023-04-03,0.269
US ETF,TLT,iShares 20+ Year Treasury Bond ETF,USD,2023-05-01,0.268
US ETF,TLT,iShares 20+ Year Treasury Bond ETF,USD,2023-06-01,0.273
US ETF,TLT,iShares 20+ Year Treasury Bond ETF,USD,2023-07-03,0.278
US ETF,TLT,iShares 20+ Year Treasury Bond ETF,USD,2023-08-01,0.275
US ETF,TLT,iShares 20+ Year Treasury Bond ETF,USD,2023-09-01,0.289
US ETF,TLT,iShares 20+ Year Treasury Bond ETF,USD,2023-10-02,0.28
US ETF,TLT,iShares 20+ Year Treasury Bond ETF,USD,2023-11-01,0.286
US ETF,TLT,iShares 20+ Year Treasury Bond ETF,USD,2023-12-01,0.289
US ETF,TLT,iShares 20+ Year Treasury Bond ETF,USD,2023-12-14,0.311
US ETF,TLT,iShares 20+ Year Treasury Bond ETF,USD,2024-02-01,0.31
US ETF,TLT,iShares 20+ Year Treasury Bond ETF,USD,2024-03-01,0.295
US ETF,TLT,iShares 20+ Year Treasury Bond ETF,USD,2024-04-01,0.312
US ETF,TLT,iShares 20+ Year Treasury Bond ETF,USD,2024-05-01,0.308
US ETF,TLT,iShares 20+ Year Treasury Bond ETF,USD,2024-06-03,0.308
US ETF,TLT,iShares 20+ Year Treasury Bond ETF,USD,2024-07-01,0.291
US ETF,TLT,iShares 20+ Year Treasury Bond ETF,USD,2024-08-01,0.315
US ETF,TLT,iShares 20+ Year Treasury Bond ETF,USD,2024-09-03,0.313
US ETF,TLT,iShares 20+ Year Treasury Bond ETF,USD,2024-10-01,0.316
US ETF,TLT,iShares 20+ Year Treasury Bond ETF,USD,2024-11-01,0.311
US ETF,TLT,iShares 20+ Year Treasury Bond ETF,USD,2024-12-02,0.325
US ETF,TLT,iShares 20+ Year Treasury Bond ETF,USD,2024-12-18,0.351
US ETF,TLT,iShares 20+ Year Treasury Bond ETF,USD,2025-02-03,0.312
US ETF,TLT,iShares 20+ Year Treasury Bond ETF,USD,2025-03-03,0.29
US ETF,TLT,iShares 20+ Year Treasury Bond ETF,USD,2025-04-01,0.326
US ETF,TLT,iShares 20+ Year Treasury Bond ETF,USD,2025-05-01,0.328
US ETF,TLT,iShares 20+ Year Treasury Bond ETF,USD,2025-06-02,0.32
US ETF,TLT,iShares 20+ Year Treasury Bond ETF,USD,2025-07-01,0.328
US ETF,TLT,iShares 20+ Year Treasury Bond ETF,USD,2025-08-01,0.331
US ETF,VB,Vanguard Small-Cap ETF,USD,2020-09-25,0.545
US ETF,VB,Vanguard Small-Cap ETF,USD,2020-12-24,0.893
US ETF,VB,Vanguard Small-Cap ETF,USD,2021-03-25,0.563
US ETF,VB,Vanguard Small-Cap ETF,USD,2021-06-24,0.555
US ETF,VB,Vanguard Small-Cap ETF,USD,2021-09-24,0.586
US ETF,VB,Vanguard Small-Cap ETF,USD,2021-12-27,1.091
US ETF,VB,Vanguard Small-Cap ETF,USD,2022-03-23,0.557
US ETF,VB,Vanguard Small-Cap ETF,USD,2022-06-23,0.589
US ETF,VB,Vanguard Small-Cap ETF,USD,2022-09-23,0.665
US ETF,VB,Vanguard Small-Cap ETF,USD,2022-12-15,0.091
US ETF,VB,Vanguard Small-Cap ETF,USD,2022-12-22,1.009
US ETF,VB,Vanguard Small-Cap ETF,USD,2023-03-23,0.746
US ETF,VB,Vanguard Small-Cap ETF,USD,2023-06-23,0.759
US ETF,VB,Vanguard Small-Cap ETF,USD,2023-09-21,0.735
US ETF,VB,Vanguard Small-Cap ETF,USD,2023-12-21,1.077
US ETF,VB,Vanguard Small-Cap ETF,USD,2024-03-22,0.677
US ETF,VB,Vanguard Small-Cap ETF,USD,2024-06-28,0.847
US ETF,VB,Vanguard Small-Cap ETF,USD,2024-09-27,0.705
US ETF,VB,Vanguard Small-Cap ETF,USD,2024-12-23,0.904
US ETF,VB,Vanguard Small-Cap ETF,USD,2025-03-27,0.919
US ETF,VB,Vanguard Small-Cap ETF,USD,2025-06-30,0.788
US ETF,VEA,Vanguard FTSE Developed Markets ETF,USD,2020-09-21,0.221
US ETF,VEA,Vanguard FTSE Developed Markets ETF,USD,2020-12-21,0.415
US ETF,VEA,Vanguard FTSE Developed Markets ETF,USD,2021-03-22,0.231
US ETF,VEA,Vanguard FTSE Developed Markets ETF,USD,2021-06-21,0.414
US ETF,VEA,Vanguard FTSE Developed Markets ETF,USD,2021-09-20,0.2
US ETF,VEA,Vanguard FTSE Developed Markets ETF,USD,2021-12-20,0.769
US ETF,VEA,Vanguard FTSE Developed Markets ETF,USD,2022-03-21,0.083
US ETF,VEA,Vanguard FTSE Developed Markets ETF,USD,2022-06-21,0.53
US ETF,VEA,Vanguard FTSE Developed Markets ETF,USD,2022-09-19,0.12
US ETF,VEA,Vanguard FTSE Developed Markets ETF,USD,2022-12-19,0.49
US ETF,VEA,Vanguard FTSE Developed Markets ETF,USD,2023-03-20,0.16
US ETF,VEA,Vanguard FTSE Developed Markets ETF,USD,2023-06-20,0.432
US ETF,VEA,Vanguard FTSE Developed Markets ETF,USD,2023-09-18,0.31
US ETF,VEA,Vanguard FTSE Developed Markets ETF,USD,2023-12-18,0.61
US ETF,VEA,Vanguard FTSE Developed Markets ETF,USD,2024-03-15,0.287
US ETF,VEA,Vanguard FTSE Developed Markets ETF,USD,2024-06-21,0.461
US ETF,VEA,Vanguard FTSE Developed Markets ETF,USD,2024-09-20,0.144
US ETF,VEA,Vanguard FTSE Developed Markets ETF,USD,2024-12-20,0.713
US ETF,VEA,Vanguard FTSE Developed Markets ETF,USD,2025-03-21,0.242
US ETF,VEA,Vanguard FTSE Developed Markets ETF,USD,2025-06-20,0.441
US ETF,VIG,Vanguard Dividend Appreciation ETF,USD,2020-09-29,0.558
US ETF,VIG,Vanguard Dividend Appreciation ETF,USD,2020-12-21,0.664
US ETF,VIG,Vanguard Dividend Appreciation ETF,USD,2021-03-22,0.513
US ETF,VIG,Vanguard Dividend Appreciation ETF,USD,2021-06-21,0.675
US ETF,VIG,Vanguard Dividend Appreciation ETF,USD,2021-09-20,0.7
US ETF,VIG,Vanguard Dividend Appreciation ETF,USD,2021-12-20,0.773
US ETF,VIG,Vanguard Dividend Appreciation ETF,USD,2022-03-21,0.694
US ETF,VIG,Vanguard Dividend Appreciation ETF,USD,2022-06-21,0.695
US ETF,VIG,Vanguard Dividend Appreciation ETF,USD,2022-09-19,0.715
US ETF,VIG,Vanguard Dividend Appreciation ETF,USD,2022-12-20,0.869
US ETF,VIG,Vanguard Dividend Appreciation ETF,USD,2023-03-24,0.749
US ETF,VIG,Vanguard Dividend Appreciation ETF,USD,2023-06-29,0.773
US ETF,VIG,Vanguard Dividend Appreciation ETF,USD,2023-09-28,0.771
US ETF,VIG,Vanguard Dividend Appreciation ETF,USD,2023-12-21,0.916
US ETF,VIG,Vanguard Dividend Appreciation ETF,USD,2024-03-22,0.769
US ETF,VIG,Vanguard Dividend Appreciation ETF,USD,2024-06-28,0.899
US ETF,VIG,Vanguard Dividend Appreciation ETF,USD,2024-09-27,0.835
US ETF,VIG,Vanguard Dividend Appreciation ETF,USD,2024-12-23,0.876
US ETF,VIG,Vanguard Dividend Appreciation ETF,USD,2025-03-27,0.938
US ETF,VIG,Vanguard Dividend Appreciation ETF,USD,2025-06-30,0.871
US ETF,VNQ,Vanguard Real Estate ETF,USD,2020-09-25,0.59
US ETF,VNQ,Vanguard Real Estate ETF,USD,2020-12-24,1.338
US ETF,VNQ,Vanguard Real Estate ETF,USD,2021-03-25,0.526
US ETF,VNQ,Vanguard Real Estate ETF,USD,2021-06-24,0.729
US ETF,VNQ,Vanguard Real Estate ETF,USD,2021-09-24,0.657
US ETF,VNQ,Vanguard Real Estate ETF,USD,2021-12-27,1.053
US ETF,VNQ,Vanguard Real Estate ETF,USD,2022-03-23,0.577
US ETF,VNQ,Vanguard Real Estate ETF,USD,2022-06-23,0.57
US ETF,VNQ,Vanguard Real Estate ETF,USD,2022-09-23,0.916
US ETF,VNQ,Vanguard Real Estate ETF,USD,2022-12-22,1.164
US ETF,VNQ,Vanguard Real Estate ETF,USD,2023-03-24,0.77
US ETF,VNQ,Vanguard Real Estate ETF,USD,2023-06-29,0.928
US ETF,VNQ,Vanguard Real Estate ETF,USD,2023-09-28,0.727
US ETF,VNQ,Vanguard Real Estate ETF,USD,2023-12-21,1.068
US ETF,VNQ,Vanguard Real Estate ETF,USD,2024-03-22,0.732
US ETF,VNQ,Vanguard Real Estate ETF,USD,2024-06-28,1.033
US ETF,VNQ,Vanguard Real Estate ETF,USD,2024-09-27,0.813
US ETF,VNQ,Vanguard Real Estate ETF,USD,2024-12-23,0.856
US ETF,VNQ,Vanguard Real Estate ETF,USD,2025-03-25,0.932
US ETF,VNQ,Vanguard Real Estate ETF,USD,2025-06-26,0.868
US ETF,VO,Vanguard Mid-Cap ETF,USD,2020-09-25,0.663
US ETF,VO,Vanguard Mid-Cap ETF,USD,2020-12-24,0.937
US ETF,VO,Vanguard Mid-Cap ETF,USD,2021-03-25,0.631
US ETF,VO,Vanguard Mid-Cap ETF,USD,2021-06-24,0.692
US ETF,VO,Vanguard Mid-Cap ETF,USD,2021-09-24,0.619
US ETF,VO,Vanguard Mid-Cap ETF,USD,2021-12-27,0.92
US ETF,VO,Vanguard Mid-Cap ETF,USD,2022-03-23,0.75
US ETF,VO,Vanguard Mid-Cap ETF,USD,2022-06-23,0.59
US ETF,VO,Vanguard Mid-Cap ETF,USD,2022-09-23,0.805
US ETF,VO,Vanguard Mid-Cap ETF,USD,2022-12-22,1.121
US ETF,VO,Vanguard Mid-Cap ETF,USD,2023-03-23,0.76
US ETF,VO,Vanguard Mid-Cap ETF,USD,2023-06-23,0.814
US ETF,VO,Vanguard Mid-Cap ETF,USD,2023-09-21,0.778
US ETF,VO,Vanguard Mid-Cap ETF,USD,2023-12-21,1.183
US ETF,VO,Vanguard Mid-Cap ETF,USD,2024-03-21,0.974
US ETF,VO,Vanguard Mid-Cap ETF,USD,2024-06-27,0.929
US ETF,VO,Vanguard Mid-Cap ETF,USD,2024-09-26,0.947
US ETF,VO,Vanguard Mid-Cap ETF,USD,2024-12-23,1.093
US ETF,VO,Vanguard Mid-Cap ETF,USD,2025-03-27,1.167
US ETF,VO,Vanguard Mid-Cap ETF,USD,2025-06-30,1.071
US ETF,VOO,Vanguard S&P 500 ETF,USD,2020-09-29,1.309
US ETF,VOO,Vanguard S&P 500 ETF,USD,2020-12-22,1.383
US ETF,VOO,Vanguard S&P 500 ETF,USD,2021-03-26,1.263
US ETF,VOO,Vanguard S&P 500 ETF,USD,2021-06-29,1.333
US ETF,VOO,Vanguard S&P 500 ETF,USD,2021-09-29,1.308
US ETF,VOO,Vanguard S&P 500 ETF,USD,2021-12-21,1.533
US ETF,VOO,Vanguard S&P 500 ETF,USD,2022-03-24,1.374
US ETF,VOO,Vanguard S&P 500 ETF,USD,2022-06-29,1.432
US ETF,VOO,Vanguard S&P 500 ETF,USD,2022-09-28,1.469
US ETF,VOO,Vanguard S&P 500 ETF,USD,2022-12-20,1.672
US ETF,VOO,Vanguard S&P 500 ETF,USD,2023-03-24,1.487
US ETF,VOO,Vanguard S&P 500 ETF,USD,2023-06-29,1.576
US ETF,VOO,Vanguard S&P 500 ETF,USD,2023-09-28,1.493
US ETF,VOO,Vanguard S&P 500 ETF,USD,2023-12-20,1.801
US ETF,VOO,Vanguard S&P 500 ETF,USD,2024-03-22,1.543
US ETF,VOO,Vanguard S&P 500 ETF,USD,2024-06-28,1.784
US ETF,VOO,Vanguard S&P 500 ETF,USD,2024-09-27,1.639
US ETF,VOO,Vanguard S&P 500 ETF,USD,2024-12-23,1.739
US ETF,VOO,Vanguard S&P 500 ETF,USD,2025-03-27,1.812
US ETF,VOO,Vanguard S&P 500 ETF,USD,2025-06-30,1.745
US ETF,VTI,Vanguard Total Stock Market ETF,USD,2020-09-25,0.674
US ETF,VTI,Vanguard Total Stock Market ETF,USD,2020-12-24,0.782
US ETF,VTI,Vanguard Total Stock Market ETF,USD,2021-03-25,0.672
US ETF,VTI,Vanguard Total Stock Market ETF,USD,2021-06-24,0.675
US ETF,VTI,Vanguard Total Stock Market ETF,USD,2021-09-24,0.724
US ETF,VTI,Vanguard Total Stock Market ETF,USD,2021-12-27,0.859
US ETF,VTI,Vanguard Total Stock Market ETF,USD,2022-03-23,0.708
US ETF,VTI,Vanguard Total Stock Market ETF,USD,2022-06-23,0.749
US ETF,VTI,Vanguard Total Stock Market ETF,USD,2022-09-23,0.796
US ETF,VTI,Vanguard Total Stock Market ETF,USD,2022-12-22,0.931
US ETF,VTI,Vanguard Total Stock Market ETF,USD,2023-03-23,0.786
US ETF,VTI,Vanguard Total Stock Market ETF,USD,2023-06-23,0.827
US ETF,VTI,Vanguard Total Stock Market ETF,USD,2023-09-21,0.798
US ETF,VTI,Vanguard Total Stock Market ETF,USD,2023-12-21,1.002
US ETF,VTI,Vanguard Total Stock Market ETF,USD,2024-03-22,0.911
US ETF,VTI,Vanguard Total Stock Market ETF,USD,2024-06-28,0.952
US ETF,VTI,Vanguard Total Stock Market ETF,USD,2024-09-27,0.871
US ETF,VTI,Vanguard Total Stock Market ETF,USD,2024-12-23,0.941
US ETF,VTI,Vanguard Total Stock Market ETF,USD,2025-03-27,0.985
US ETF,VTI,Vanguard Total Stock Market ETF,USD,2025-06-30,0.913
US ETF,VWO,Vanguard FTSE Emerging Markets ETF,USD,2020-09-21,0.426
US ETF,VWO,Vanguard FTSE Emerging Markets ETF,USD,2020-12-21,0.301
US ETF,VWO,Vanguard FTSE Emerging Markets ETF,USD,2021-03-22,0.068
US ETF,VWO,Vanguard FTSE Emerging Markets ETF,USD,2021-06-21,0.28
US ETF,VWO,Vanguard FTSE Emerging Markets ETF,USD,2021-09-20,0.473
US ETF,VWO,Vanguard FTSE Emerging Markets ETF,USD,2021-12-20,0.478
US ETF,VWO,Vanguard FTSE Emerging Markets ETF,USD,2022-03-21,0.134
US ETF,VWO,Vanguard FTSE Emerging Markets ETF,USD,2022-06-21,0.306
US ETF,VWO,Vanguard FTSE Emerging Markets ETF,USD,2022-09-19,0.529
US ETF,VWO,Vanguard FTSE Emerging Markets ETF,USD,2022-12-19,0.635
US ETF,VWO,Vanguard FTSE Emerging Markets ETF,USD,2023-03-20,0.028
US ETF,VWO,Vanguard FTSE Emerging Markets ETF,USD,2023-06-20,0.227
US ETF,VWO,Vanguard FTSE Emerging Markets ETF,USD,2023-09-18,0.328
US ETF,VWO,Vanguard FTSE Emerging Markets ETF,USD,2023-12-18,0.865
US ETF,VWO,Vanguard FTSE Emerging Markets ETF,USD,2024-03-15,0.039
US ETF,VWO,Vanguard FTSE Emerging Markets ETF,USD,2024-06-21,0.17
US ETF,VWO,Vanguard FTSE Emerging Markets ETF,USD,2024-09-20,0.134
US ETF,VWO,Vanguard FTSE Emerging Markets ETF,USD,2024-12-20,1.066
US ETF,VWO,Vanguard FTSE Emerging Markets ETF,USD,2025-03-21,0.047
US ETF,VWO,Vanguard FTSE Emerging Markets ETF,USD,2025-06-20,0.139
US ETF,VYM,Vanguard High Dividend Yield ETF,USD,2020-09-21,0.705
US ETF,VYM,Vanguard High Dividend Yield ETF,USD,2020-12-21,0.81
US ETF,VYM,Vanguard High Dividend Yield ETF,USD,2021-03-22,0.656
US ETF,VYM,Vanguard High Dividend Yield ETF,USD,2021-06-21,0.752
US ETF,VYM,Vanguard High Dividend Yield ETF,USD,2021-09-20,0.749
US ETF,VYM,Vanguard High Dividend Yield ETF,USD,2021-12-20,0.939
US ETF,VYM,Vanguard High Dividend Yield ETF,USD,2022-03-21,0.662
US ETF,VYM,Vanguard High Dividend Yield ETF,USD,2022-06-21,0.848
US ETF,VYM,Vanguard High Dividend Yield ETF,USD,2022-09-19,0.767
US ETF,VYM,Vanguard High Dividend Yield ETF,USD,2022-12-19,0.975
US ETF,VYM,Vanguard High Dividend Yield ETF,USD,2023-03-20,0.717
US ETF,VYM,Vanguard High Dividend Yield ETF,USD,2023-06-20,0.877
US ETF,VYM,Vanguard High Dividend Yield ETF,USD,2023-09-18,0.785
US ETF,VYM,Vanguard High Dividend Yield ETF,USD,2023-12-18,1.1
US ETF,VYM,Vanguard High Dividend Yield ETF,USD,2024-03-15,0.656
US ETF,VYM,Vanguard High Dividend Yield ETF,USD,2024-06-21,1.024
US ETF,VYM,Vanguard High Dividend Yield ETF,USD,2024-09-20,0.851
US ETF,VYM,Vanguard High Dividend Yield ETF,USD,2024-12-20,0.964
US ETF,VYM,Vanguard High Dividend Yield ETF,USD,2025-03-21,0.85
US ETF,VYM,Vanguard High Dividend Yield ETF,USD,2025-06-20,0.862
US ETF,XLB,Materials,USD,2020-09-21,0.308
US ETF,XLB,Materials,USD,2020-12-21,0.359
US ETF,XLB,Materials,USD,2021-03-22,0.328
US ETF,XLB,Materials,USD,2021-06-21,0.349
US ETF,XLB,Materials,USD,2021-09-20,0.354
US ETF,XLB,Materials,USD,2021-12-20,0.442
US ETF,XLB,Materials,USD,2022-03-21,0.323
US ETF,XLB,Materials,USD,2022-06-21,0.515
US ETF,XLB,Materials,USD,2022-09-19,0.41
US ETF,XLB,Materials,USD,2022-12-19,0.509
US ETF,XLB,Materials,USD,2023-03-20,0.327
US ETF,XLB,Materials,USD,2023-06-20,0.399
US ETF,XLB,Materials,USD,2023-09-18,0.392
US ETF,XLB,Materials,USD,2023-12-18,0.591
US ETF,XLB,Materials,USD,2024-03-18,0.325
US ETF,XLB,Materials,USD,2024-06-24,0.425
US ETF,XLB,Materials,USD,2024-09-23,0.418
US ETF,XLB,Materials,USD,2024-12-23,0.444
US ETF,XLB,Materials,USD,2025-03-24,0.407
US ETF,XLB,Materials,USD,2025-06-23,0.438
US ETF,XLC,Communication Services,USD,2020-09-21,0.124
US ETF,XLC,Communication Services,USD,2020-12-21,0.107
US ETF,XLC,Communication Services,USD,2021-03-22,0.133
US ETF,XLC,Communication Services,USD,2021-06-21,0.141
US ETF,XLC,Communication Services,USD,2021-09-20,0.142
US ETF,XLC,Communication Services,USD,2021-12-20,0.157
US ETF,XLC,Communication Services,USD,2022-03-21,0.173
US ETF,XLC,Communication Services,USD,2022-06-21,0.13
US ETF,XLC,Communication Services,USD,2022-09-19,0.11
US ETF,XLC,Communication Services,USD,2022-12-19,0.118
US ETF,XLC,Communication Services,USD,2023-03-20,0.15
US ETF,XLC,Communication Services,USD,2023-06-20,0.105
US ETF,XLC,Communication Services,USD,2023-09-18,0.168
US ETF,XLC,Communication Services,USD,2023-12-18,0.174
US ETF,XLC,Communication Services,USD,2024-03-18,0.214
US ETF,XLC,Communication Services,USD,2024-06-24,0.224
US ETF,XLC,Communication Services,USD,2024-09-23,0.269
US ETF,XLC,Communication Services,USD,2024-12-23,0.254
US ETF,XLC,Communication Services,USD,2025-03-24,0.288
US ETF,XLC,Communication Services,USD,2025-06-23,0.249
US ETF,XLE,Energy,USD,2020-09-21,0.544
US ETF,XLE,Energy,USD,2020-12-21,0.52
US ETF,XLE,Energy,USD,2021-03-22,0.52
US ETF,XLE,Energy,USD,2021-06-21,0.53
US ETF,XLE,Energy,USD,2021-09-20,0.592
US ETF,XLE,Energy,USD,2021-12-20,0.695
US ETF,XLE,Energy,USD,2022-03-21,0.7
US ETF,XLE,Energy,USD,2022-06-21,0.815
US ETF,XLE,Energy,USD,2022-09-19,0.846
US ETF,XLE,Energy,USD,2022-12-19,0.86
US ETF,XLE,Energy,USD,2023-03-20,0.795
US ETF,XLE,Energy,USD,2023-06-20,0.706
US ETF,XLE,Energy,USD,2023-09-18,0.674
US ETF,XLE,Energy,USD,2023-12-18,0.802
US ETF,XLE,Energy,USD,2024-03-18,0.734
US ETF,XLE,Energy,USD,2024-06-24,0.715
US ETF,XLE,Energy,USD,2024-09-23,0.727
US ETF,XLE,Energy,USD,2024-12-23,0.7
US ETF,XLE,Energy,USD,2025-03-24,0.716
US ETF,XLE,Energy,USD,2025-06-23,0.718
US ETF,XLF,Financial,USD,2020-09-21,0.135
US ETF,XLF,Financial,USD,2020-12-21,0.152
US ETF,XLF,Financial,USD,2021-03-22,0.151
US ETF,XLF,Financial,USD,2021-06-21,0.139
US ETF,XLF,Financial,USD,2021-09-20,0.162
US ETF,XLF,Financial,USD,2021-12-20,0.184
US ETF,XLF,Financial,USD,2022-03-21,0.152
US ETF,XLF,Financial,USD,2022-06-21,0.164
US ETF,XLF,Financial,USD,2022-09-19,0.173
US ETF,XLF,Financial,USD,2022-12-19,0.21
US ETF,XLF,Financial,USD,2023-03-20,0.153
US ETF,XLF,Financial,USD,2023-06-20,0.15
US ETF,XLF,Financial,USD,2023-09-18,0.155
US ETF,XLF,Financial,USD,2023-12-18,0.184
US ETF,XLF,Financial,USD,2024-03-18,0.153
US ETF,XLF,Financial,USD,2024-06-24,0.163
US ETF,XLF,Financial,USD,2024-09-23,0.165
US ETF,XLF,Financial,USD,2024-12-23,0.206
US ETF,XLF,Financial,USD,2025-03-24,0.179
US ETF,XLF,Financial,USD,2025-06-23,0.172
US ETF,XLI,Industrial,USD,2020-09-21,0.305
US ETF,XLI,Industrial,USD,2020-12-21,0.366
US ETF,XLI,Industrial,USD,2021-03-22,0.296
US ETF,XLI,Industrial,USD,2021-06-21,0.314
US ETF,XLI,Industrial,USD,2021-09-20,0.323
US ETF,XLI,Industrial,USD,2021-12-20,0.385
US ETF,XLI,Industrial,USD,2022-03-21,0.341
US ETF,XLI,Industrial,USD,2022-06-21,0.374
US ETF,XLI,Industrial,USD,2022-09-19,0.425
US ETF,XLI,Industrial,USD,2022-12-19,0.466
US ETF,XLI,Industrial,USD,2023-03-20,0.395
US ETF,XLI,Industrial,USD,2023-06-20,0.42
US ETF,XLI,Industrial,USD,2023-09-18,0.426
US ETF,XLI,Industrial,USD,2023-12-18,0.615
US ETF,XLI,Industrial,USD,2024-03-18,0.376
US ETF,XLI,Industrial,USD,2024-06-24,0.421
US ETF,XLI,Industrial,USD,2024-09-23,0.431
US ETF,XLI,Industrial,USD,2024-12-23,0.67
US ETF,XLI,Industrial,USD,2025-03-24,0.405
US ETF,XLI,Industrial,USD,2025-06-23,0.432
US ETF,XLK,Technology,USD,2020-09-21,0.247
US ETF,XLK,Technology,USD,2020-12-21,0.298
US ETF,XLK,Technology,USD,2021-03-22,0.273
US ETF,XLK,Technology,USD,2021-06-21,0.26
US ETF,XLK,Technology,USD,2021-09-20,0.273
US ETF,XLK,Technology,USD,2021-12-20,0.317
US ETF,XLK,Technology,USD,2022-03-21,0.286
US ETF,XLK,Technology,USD,2022-06-21,0.323
US ETF,XLK,Technology,USD,2022-09-19,0.317
US ETF,XLK,Technology,USD,2022-12-19,0.365
US ETF,XLK,Technology,USD,2023-03-20,0.316
US ETF,XLK,Technology,USD,2023-06-20,0.362
US ETF,XLK,Technology,USD,2023-09-18,0.36
US ETF,XLK,Technology,USD,2023-12-18,0.422
US ETF,XLK,Technology,USD,2024-03-18,0.339
US ETF,XLK,Technology,USD,2024-06-24,0.4
US ETF,XLK,Technology,USD,2024-09-23,0.399
US ETF,XLK,Technology,USD,2024-12-23,0.386
US ETF,XLK,Technology,USD,2025-03-24,0.375
US ETF,XLK,Technology,USD,2025-06-23,0.398
US ETF,XLP,Consumer Staples,USD,2020-09-21,0.377
US ETF,XLP,Consumer Staples,USD,2020-12-21,0.564
US ETF,XLP,Consumer Staples,USD,2021-03-22,0.357
US ETF,XLP,Consumer Staples,USD,2021-06-21,0.444
US ETF,XLP,Consumer Staples,USD,2021-09-20,0.442
US ETF,XLP,Consumer Staples,USD,2021-12-20,0.512
US ETF,XLP,Consumer Staples,USD,2022-03-21,0.335
US ETF,XLP,Consumer Staples,USD,2022-06-21,0.513
US ETF,XLP,Consumer Staples,USD,2022-09-19,0.461
US ETF,XLP,Consumer Staples,USD,2022-12-19,0.533
US ETF,XLP,Consumer Staples,USD,2023-03-20,0.345
US ETF,XLP,Consumer Staples,USD,2023-06-20,0.526
US ETF,XLP,Consumer Staples,USD,2023-09-18,0.485
US ETF,XLP,Consumer Staples,USD,2023-12-18,0.536
US ETF,XLP,Consumer Staples,USD,2024-03-18,0.552
US ETF,XLP,Consumer Staples,USD,2024-06-24,0.582
US ETF,XLP,Consumer Staples,USD,2024-09-23,0.439
US ETF,XLP,Consumer Staples,USD,2024-12-23,0.602
US ETF,XLP,Consumer Staples,USD,2025-03-24,0.418
US ETF,XLP,Consumer Staples,USD,2025-06-23,0.552
US ETF,XLRE,Real Estate,USD,2020-09-21,0.213
US ETF,XLRE,Real Estate,USD,2020-12-21,0.466
US ETF,XLRE,Real Estate,USD,2021-03-22,0.382
US ETF,XLRE,Real Estate,USD,2021-06-21,0.285
US ETF,XLRE,Real Estate,USD,2021-09-20,0.261
US ETF,XLRE,Real Estate,USD,2021-12-20,0.425
US ETF,XLRE,Real Estate,USD,2022-03-21,0.269
US ETF,XLRE,Real Estate,USD,2022-06-21,0.312
US ETF,XLRE,Real Estate,USD,2022-09-19,0.364
US ETF,XLRE,Real Estate,USD,2022-12-19,0.421
US ETF,XLRE,Real Estate,USD,2023-03-20,0.256
US ETF,XLRE,Real Estate,USD,2023-06-20,0.359
US ETF,XLRE,Real Estate,USD,2023-09-18,0.291
US ETF,XLRE,Real Estate,USD,2023-12-18,0.421
US ETF,XLRE,Real Estate,USD,2024-03-18,0.264
US ETF,XLRE,Real Estate,USD,2024-06-24,0.387
US ETF,XLRE,Real Estate,USD,2024-09-23,0.311
US ETF,XLRE,Real Estate,USD,2024-12-23,0.434
US ETF,XLRE,Real Estate,USD,2025-03-24,0.264
US ETF,XLRE,Real Estate,USD,2025-06-23,0.375
US ETF,XLU,Utilities,USD,2020-09-21,0.499
US ETF,XLU,Utilities,USD,2020-12-21,0.522
US ETF,XLU,Utilities,USD,2021-03-22,0.461
US ETF,XLU,Utilities,USD,2021-06-21,0.494
US ETF,XLU,Utilities,USD,2021-09-20,0.499
US ETF,XLU,Utilities,USD,2021-12-20,0.546
US ETF,XLU,Utilities,USD,2022-03-21,0.47
US ETF,XLU,Utilities,USD,2022-06-21,0.515
US ETF,XLU,Utilities,USD,2022-09-19,0.501
US ETF,XLU,Utilities,USD,2022-12-19,0.572
US ETF,XLU,Utilities,USD,2023-03-20,0.49
US ETF,XLU,Utilities,USD,2023-06-20,0.537
US ETF,XLU,Utilities,USD,2023-09-18,0.522
US ETF,XLU,Utilities,USD,2023-12-18,0.597
US ETF,XLU,Utilities,USD,2024-03-18,0.52
US ETF,XLU,Utilities,USD,2024-06-24,0.555
US ETF,XLU,Utilities,USD,2024-09-23,0.539
US ETF,XLU,Utilities,USD,2024-12-23,0.628
US ETF,XLU,Utilities,USD,2025-03-24,0.555
US ETF,XLU,Utilities,USD,2025-06-23,0.557
US ETF,XLV,Health Care,USD,2020-09-21,0.418
US ETF,XLV,Health Care,USD,2020-12-21,0.464
US ETF,XLV,Health Care,USD,2021-03-22,0.398
US ETF,XLV,Health Care,USD,2021-06-21,0.481
US ETF,XLV,Health Care,USD,2021-09-20,0.467
US ETF,XLV,Health Care,USD,2021-12-20,0.528
US ETF,XLV,Health Care,USD,2022-03-21,0.426
US ETF,XLV,Health Care,USD,2022-06-21,0.504
US ETF,XLV,Health Care,USD,2022-09-19,0.506
US ETF,XLV,Health Care,USD,2022-12-19,0.556
US ETF,XLV,Health Care,USD,2023-03-20,0.489
US ETF,XLV,Health Care,USD,2023-06-20,0.542
US ETF,XLV,Health Care,USD,2023-09-18,0.54
US ETF,XLV,Health Care,USD,2023-12-18,0.598
US ETF,XLV,Health Care,USD,2024-03-18,0.523
US ETF,XLV,Health Care,USD,2024-06-24,0.573
US ETF,XLV,Health Care,USD,2024-09-23,0.577
US ETF,XLV,Health Care,USD,2024-12-23,0.622
US ETF,XLV,Health Care,USD,2025-03-24,0.565
US ETF,XLV,Health Care,USD,2025-06-23,0.63
US ETF,XLY,Consumer Discretionary,USD,2020-09-21,0.306
US ETF,XLY,Consumer Discretionary,USD,2020-12-21,0.296
US ETF,XLY,Consumer Discretionary,USD,2021-03-22,0.264
US ETF,XLY,Consumer Discretionary,USD,2021-06-21,0.255
US ETF,XLY,Consumer Discretionary,USD,2021-09-20,0.275
US ETF,XLY,Consumer Discretionary,USD,2021-12-20,0.292
US ETF,XLY,Consumer Discretionary,USD,2022-03-21,0.279
US ETF,XLY,Consumer Discretionary,USD,2022-06-21,0.314
US ETF,XLY,Consumer Discretionary,USD,2022-09-19,0.33
US ETF,XLY,Consumer Discretionary,USD,2022-12-19,0.366
US ETF,XLY,Consumer Discretionary,USD,2023-03-20,0.43
US ETF,XLY,Consumer Discretionary,USD,2023-06-20,0.334
US ETF,XLY,Consumer Discretionary,USD,2023-09-18,0.305
US ETF,XLY,Consumer Discretionary,USD,2023-12-18,0.32
US ETF,XLY,Consumer Discretionary,USD,2024-03-18,0.387
US ETF,XLY,Consumer Discretionary,USD,2024-06-24,0.392
US ETF,XLY,Consumer Discretionary,USD,2024-09-23,0.405
US ETF,XLY,Consumer Discretionary,USD,2024-12-23,0.433
US ETF,XLY,Consumer Discretionary,USD,2025-03-24,0.542
US ETF,XLY,Consumer Discretionary,USD,2025-06-23,0.447
